<annotation>
	<folder>image</folder>
	<filename>1023053.jpg</filename>
	<path>E:\wasin\wasin\python\wasin\venv\image\1023053.jpg</path>
	<source>
		<database>Unknown</database>
	</source>
	<size>
		<width>1820</width>
		<height>1024</height>
		<depth>3</depth>
	</size>
	<segmented>0</segmented>
	<object>
		<name>truck</name>
		<pose>Unspecified</pose>
		<truncated>0</truncated>
		<difficult>0</difficult>
		<bndbox>
			<xmin>326</xmin>
			<ymin>167</ymin>
			<xmax>1437</xmax>
			<ymax>929</ymax>
		</bndbox>
	</object>
</annotation>
