<annotation>
	<folder>image</folder>
	<filename>103025.png</filename>
	<path>E:\wasin\wasin\python\wasin\venv\image\103025.png</path>
	<source>
		<database>Unknown</database>
	</source>
	<size>
		<width>1000</width>
		<height>702</height>
		<depth>3</depth>
	</size>
	<segmented>0</segmented>
	<object>
		<name>crane</name>
		<pose>Unspecified</pose>
		<truncated>1</truncated>
		<difficult>0</difficult>
		<bndbox>
			<xmin>141</xmin>
			<ymin>1</ymin>
			<xmax>845</xmax>
			<ymax>636</ymax>
		</bndbox>
	</object>
</annotation>
