<annotation>
	<folder>image</folder>
	<filename>1033066.jpg</filename>
	<path>E:\wasin\wasin\python\wasin\venv\image\1033066.jpg</path>
	<source>
		<database>Unknown</database>
	</source>
	<size>
		<width>666</width>
		<height>566</height>
		<depth>3</depth>
	</size>
	<segmented>0</segmented>
	<object>
		<name>crane</name>
		<pose>Unspecified</pose>
		<truncated>0</truncated>
		<difficult>0</difficult>
		<bndbox>
			<xmin>54</xmin>
			<ymin>4</ymin>
			<xmax>632</xmax>
			<ymax>528</ymax>
		</bndbox>
	</object>
</annotation>
