<annotation>
	<folder>image</folder>
	<filename>1043077.jpg</filename>
	<path>E:\wasin\wasin\python\wasin\venv\image\1043077.jpg</path>
	<source>
		<database>Unknown</database>
	</source>
	<size>
		<width>900</width>
		<height>510</height>
		<depth>3</depth>
	</size>
	<segmented>0</segmented>
	<object>
		<name>crane</name>
		<pose>Unspecified</pose>
		<truncated>0</truncated>
		<difficult>0</difficult>
		<bndbox>
			<xmin>67</xmin>
			<ymin>23</ymin>
			<xmax>827</xmax>
			<ymax>480</ymax>
		</bndbox>
	</object>
</annotation>
