<annotation>
	<folder>image</folder>
	<filename>1053088.jpg</filename>
	<path>E:\wasin\wasin\python\wasin\venv\image\1053088.jpg</path>
	<source>
		<database>Unknown</database>
	</source>
	<size>
		<width>800</width>
		<height>534</height>
		<depth>3</depth>
	</size>
	<segmented>0</segmented>
	<object>
		<name>backhoe</name>
		<pose>Unspecified</pose>
		<truncated>0</truncated>
		<difficult>0</difficult>
		<bndbox>
			<xmin>34</xmin>
			<ymin>32</ymin>
			<xmax>771</xmax>
			<ymax>483</ymax>
		</bndbox>
	</object>
</annotation>
