<annotation>
	<folder>image</folder>
	<filename>1063099.jpg</filename>
	<path>E:\wasin\wasin\python\wasin\venv\image\1063099.jpg</path>
	<source>
		<database>Unknown</database>
	</source>
	<size>
		<width>360</width>
		<height>360</height>
		<depth>3</depth>
	</size>
	<segmented>0</segmented>
	<object>
		<name>backhoe</name>
		<pose>Unspecified</pose>
		<truncated>0</truncated>
		<difficult>0</difficult>
		<bndbox>
			<xmin>20</xmin>
			<ymin>22</ymin>
			<xmax>340</xmax>
			<ymax>306</ymax>
		</bndbox>
	</object>
</annotation>
