<annotation>
	<folder>image</folder>
	<filename>10731010.jpg</filename>
	<path>E:\wasin\wasin\python\wasin\venv\image\10731010.jpg</path>
	<source>
		<database>Unknown</database>
	</source>
	<size>
		<width>360</width>
		<height>360</height>
		<depth>3</depth>
	</size>
	<segmented>0</segmented>
	<object>
		<name>truck</name>
		<pose>Unspecified</pose>
		<truncated>1</truncated>
		<difficult>0</difficult>
		<bndbox>
			<xmin>1</xmin>
			<ymin>104</ymin>
			<xmax>350</xmax>
			<ymax>356</ymax>
		</bndbox>
	</object>
</annotation>
