<annotation>
	<folder>image</folder>
	<filename>10831111.jpg</filename>
	<path>E:\wasin\wasin\python\wasin\venv\image\10831111.jpg</path>
	<source>
		<database>Unknown</database>
	</source>
	<size>
		<width>360</width>
		<height>360</height>
		<depth>3</depth>
	</size>
	<segmented>0</segmented>
	<object>
		<name>backhoe</name>
		<pose>Unspecified</pose>
		<truncated>0</truncated>
		<difficult>0</difficult>
		<bndbox>
			<xmin>13</xmin>
			<ymin>44</ymin>
			<xmax>353</xmax>
			<ymax>340</ymax>
		</bndbox>
	</object>
</annotation>
