<annotation>
	<folder>image</folder>
	<filename>11031413.jpg</filename>
	<path>E:\wasin\wasin\python\wasin\venv\image\11031413.jpg</path>
	<source>
		<database>Unknown</database>
	</source>
	<size>
		<width>1456</width>
		<height>1096</height>
		<depth>3</depth>
	</size>
	<segmented>0</segmented>
	<object>
		<name>backhoe</name>
		<pose>Unspecified</pose>
		<truncated>0</truncated>
		<difficult>0</difficult>
		<bndbox>
			<xmin>69</xmin>
			<ymin>16</ymin>
			<xmax>1434</xmax>
			<ymax>1077</ymax>
		</bndbox>
	</object>
</annotation>
