<annotation>
	<folder>image</folder>
	<filename>11131514.jpeg</filename>
	<path>E:\wasin\wasin\python\wasin\venv\image\11131514.jpeg</path>
	<source>
		<database>Unknown</database>
	</source>
	<size>
		<width>560</width>
		<height>321</height>
		<depth>3</depth>
	</size>
	<segmented>0</segmented>
	<object>
		<name>backhoe</name>
		<pose>Unspecified</pose>
		<truncated>0</truncated>
		<difficult>0</difficult>
		<bndbox>
			<xmin>393</xmin>
			<ymin>8</ymin>
			<xmax>538</xmax>
			<ymax>142</ymax>
		</bndbox>
	</object>
	<object>
		<name>truck</name>
		<pose>Unspecified</pose>
		<truncated>0</truncated>
		<difficult>0</difficult>
		<bndbox>
			<xmin>31</xmin>
			<ymin>166</ymin>
			<xmax>178</xmax>
			<ymax>254</ymax>
		</bndbox>
	</object>
</annotation>
