<annotation>
	<folder>image</folder>
	<filename>1131316.jpg</filename>
	<path>E:\wasin\wasin\python\wasin\venv\image\1131316.jpg</path>
	<source>
		<database>Unknown</database>
	</source>
	<size>
		<width>1200</width>
		<height>1600</height>
		<depth>3</depth>
	</size>
	<segmented>0</segmented>
	<object>
		<name>crane</name>
		<pose>Unspecified</pose>
		<truncated>0</truncated>
		<difficult>0</difficult>
		<bndbox>
			<xmin>409</xmin>
			<ymin>311</ymin>
			<xmax>995</xmax>
			<ymax>1443</ymax>
		</bndbox>
	</object>
</annotation>
