<annotation>
	<folder>image</folder>
	<filename>11331717.jpg</filename>
	<path>E:\wasin\wasin\python\wasin\venv\image\11331717.jpg</path>
	<source>
		<database>Unknown</database>
	</source>
	<size>
		<width>1024</width>
		<height>536</height>
		<depth>3</depth>
	</size>
	<segmented>0</segmented>
	<object>
		<name>truck</name>
		<pose>Unspecified</pose>
		<truncated>0</truncated>
		<difficult>0</difficult>
		<bndbox>
			<xmin>21</xmin>
			<ymin>101</ymin>
			<xmax>988</xmax>
			<ymax>486</ymax>
		</bndbox>
	</object>
</annotation>
