<annotation>
	<folder>image</folder>
	<filename>11431818.png</filename>
	<path>E:\wasin\wasin\python\wasin\venv\image\11431818.png</path>
	<source>
		<database>Unknown</database>
	</source>
	<size>
		<width>432</width>
		<height>292</height>
		<depth>3</depth>
	</size>
	<segmented>0</segmented>
	<object>
		<name>crane</name>
		<pose>Unspecified</pose>
		<truncated>1</truncated>
		<difficult>0</difficult>
		<bndbox>
			<xmin>214</xmin>
			<ymin>1</ymin>
			<xmax>432</xmax>
			<ymax>256</ymax>
		</bndbox>
	</object>
	<object>
		<name>crane</name>
		<pose>Unspecified</pose>
		<truncated>1</truncated>
		<difficult>0</difficult>
		<bndbox>
			<xmin>149</xmin>
			<ymin>1</ymin>
			<xmax>249</xmax>
			<ymax>189</ymax>
		</bndbox>
	</object>
</annotation>
