<annotation>
	<folder>image</folder>
	<filename>11531919.jpg</filename>
	<path>E:\wasin\wasin\python\wasin\venv\image\11531919.jpg</path>
	<source>
		<database>Unknown</database>
	</source>
	<size>
		<width>350</width>
		<height>295</height>
		<depth>3</depth>
	</size>
	<segmented>0</segmented>
	<object>
		<name>truck</name>
		<pose>Unspecified</pose>
		<truncated>0</truncated>
		<difficult>0</difficult>
		<bndbox>
			<xmin>20</xmin>
			<ymin>37</ymin>
			<xmax>320</xmax>
			<ymax>241</ymax>
		</bndbox>
	</object>
</annotation>
