<annotation>
	<folder>image</folder>
	<filename>11632020.jpg</filename>
	<path>E:\wasin\wasin\python\wasin\venv\image\11632020.jpg</path>
	<source>
		<database>Unknown</database>
	</source>
	<size>
		<width>1619</width>
		<height>910</height>
		<depth>3</depth>
	</size>
	<segmented>0</segmented>
	<object>
		<name>backhoe</name>
		<pose>Unspecified</pose>
		<truncated>0</truncated>
		<difficult>0</difficult>
		<bndbox>
			<xmin>4</xmin>
			<ymin>77</ymin>
			<xmax>1592</xmax>
			<ymax>875</ymax>
		</bndbox>
	</object>
</annotation>
