<annotation>
	<folder>image</folder>
	<filename>11732121.jpg</filename>
	<path>E:\wasin\wasin\python\wasin\venv\image\11732121.jpg</path>
	<source>
		<database>Unknown</database>
	</source>
	<size>
		<width>468</width>
		<height>468</height>
		<depth>3</depth>
	</size>
	<segmented>0</segmented>
	<object>
		<name>crane</name>
		<pose>Unspecified</pose>
		<truncated>1</truncated>
		<difficult>0</difficult>
		<bndbox>
			<xmin>144</xmin>
			<ymin>1</ymin>
			<xmax>466</xmax>
			<ymax>466</ymax>
		</bndbox>
	</object>
</annotation>
