<annotation>
	<folder>image</folder>
	<filename>11832222.jpg</filename>
	<path>E:\wasin\wasin\python\wasin\venv\image\11832222.jpg</path>
	<source>
		<database>Unknown</database>
	</source>
	<size>
		<width>568</width>
		<height>268</height>
		<depth>3</depth>
	</size>
	<segmented>0</segmented>
	<object>
		<name>backhoe</name>
		<pose>Unspecified</pose>
		<truncated>0</truncated>
		<difficult>0</difficult>
		<bndbox>
			<xmin>24</xmin>
			<ymin>21</ymin>
			<xmax>562</xmax>
			<ymax>238</ymax>
		</bndbox>
	</object>
</annotation>
