<annotation>
	<folder>image</folder>
	<filename>11932323.jpg</filename>
	<path>E:\wasin\wasin\python\wasin\venv\image\11932323.jpg</path>
	<source>
		<database>Unknown</database>
	</source>
	<size>
		<width>712</width>
		<height>534</height>
		<depth>3</depth>
	</size>
	<segmented>0</segmented>
	<object>
		<name>backhoe</name>
		<pose>Unspecified</pose>
		<truncated>0</truncated>
		<difficult>0</difficult>
		<bndbox>
			<xmin>23</xmin>
			<ymin>73</ymin>
			<xmax>705</xmax>
			<ymax>485</ymax>
		</bndbox>
	</object>
</annotation>
