<annotation>
	<folder>image</folder>
	<filename>12032524.png</filename>
	<path>E:\wasin\wasin\python\wasin\venv\image\12032524.png</path>
	<source>
		<database>Unknown</database>
	</source>
	<size>
		<width>1280</width>
		<height>745</height>
		<depth>3</depth>
	</size>
	<segmented>0</segmented>
	<object>
		<name>truck</name>
		<pose>Unspecified</pose>
		<truncated>0</truncated>
		<difficult>0</difficult>
		<bndbox>
			<xmin>74</xmin>
			<ymin>32</ymin>
			<xmax>1251</xmax>
			<ymax>725</ymax>
		</bndbox>
	</object>
</annotation>
