<annotation>
	<folder>image</folder>
	<filename>12132625.jpg</filename>
	<path>E:\wasin\wasin\python\wasin\venv\image\12132625.jpg</path>
	<source>
		<database>Unknown</database>
	</source>
	<size>
		<width>644</width>
		<height>544</height>
		<depth>3</depth>
	</size>
	<segmented>0</segmented>
	<object>
		<name>truck</name>
		<pose>Unspecified</pose>
		<truncated>0</truncated>
		<difficult>0</difficult>
		<bndbox>
			<xmin>10</xmin>
			<ymin>71</ymin>
			<xmax>630</xmax>
			<ymax>519</ymax>
		</bndbox>
	</object>
</annotation>
