<annotation>
	<folder>image</folder>
	<filename>12232726.png</filename>
	<path>E:\wasin\wasin\python\wasin\venv\image\12232726.png</path>
	<source>
		<database>Unknown</database>
	</source>
	<size>
		<width>320</width>
		<height>240</height>
		<depth>3</depth>
	</size>
	<segmented>0</segmented>
	<object>
		<name>truck</name>
		<pose>Unspecified</pose>
		<truncated>1</truncated>
		<difficult>0</difficult>
		<bndbox>
			<xmin>2</xmin>
			<ymin>1</ymin>
			<xmax>318</xmax>
			<ymax>214</ymax>
		</bndbox>
	</object>
</annotation>
