<annotation>
	<folder>image</folder>
	<filename>12332828.jpg</filename>
	<path>E:\wasin\wasin\python\wasin\venv\image\12332828.jpg</path>
	<source>
		<database>Unknown</database>
	</source>
	<size>
		<width>1300</width>
		<height>953</height>
		<depth>3</depth>
	</size>
	<segmented>0</segmented>
	<object>
		<name>backhoe</name>
		<pose>Unspecified</pose>
		<truncated>0</truncated>
		<difficult>0</difficult>
		<bndbox>
			<xmin>235</xmin>
			<ymin>152</ymin>
			<xmax>1294</xmax>
			<ymax>813</ymax>
		</bndbox>
	</object>
</annotation>
