<annotation>
	<folder>image</folder>
	<filename>12432929.jpeg</filename>
	<path>E:\wasin\wasin\python\wasin\venv\image\12432929.jpeg</path>
	<source>
		<database>Unknown</database>
	</source>
	<size>
		<width>712</width>
		<height>534</height>
		<depth>3</depth>
	</size>
	<segmented>0</segmented>
	<object>
		<name>backhoe</name>
		<pose>Unspecified</pose>
		<truncated>0</truncated>
		<difficult>0</difficult>
		<bndbox>
			<xmin>44</xmin>
			<ymin>56</ymin>
			<xmax>673</xmax>
			<ymax>422</ymax>
		</bndbox>
	</object>
</annotation>
