<annotation>
	<folder>image</folder>
	<filename>12633131.jpg</filename>
	<path>E:\wasin\wasin\python\wasin\venv\image\12633131.jpg</path>
	<source>
		<database>Unknown</database>
	</source>
	<size>
		<width>2612</width>
		<height>1712</height>
		<depth>3</depth>
	</size>
	<segmented>0</segmented>
	<object>
		<name>crane</name>
		<pose>Unspecified</pose>
		<truncated>0</truncated>
		<difficult>0</difficult>
		<bndbox>
			<xmin>130</xmin>
			<ymin>150</ymin>
			<xmax>2485</xmax>
			<ymax>1593</ymax>
		</bndbox>
	</object>
</annotation>
