<annotation>
	<folder>image</folder>
	<filename>12733232.png</filename>
	<path>E:\wasin\wasin\python\wasin\venv\image\12733232.png</path>
	<source>
		<database>Unknown</database>
	</source>
	<size>
		<width>350</width>
		<height>350</height>
		<depth>3</depth>
	</size>
	<segmented>0</segmented>
	<object>
		<name>truck</name>
		<pose>Unspecified</pose>
		<truncated>0</truncated>
		<difficult>0</difficult>
		<bndbox>
			<xmin>15</xmin>
			<ymin>69</ymin>
			<xmax>328</xmax>
			<ymax>288</ymax>
		</bndbox>
	</object>
</annotation>
