<annotation>
	<folder>image</folder>
	<filename>12833333.jpg</filename>
	<path>E:\wasin\wasin\python\wasin\venv\image\12833333.jpg</path>
	<source>
		<database>Unknown</database>
	</source>
	<size>
		<width>350</width>
		<height>350</height>
		<depth>3</depth>
	</size>
	<segmented>0</segmented>
	<object>
		<name>truck</name>
		<pose>Unspecified</pose>
		<truncated>0</truncated>
		<difficult>0</difficult>
		<bndbox>
			<xmin>22</xmin>
			<ymin>66</ymin>
			<xmax>332</xmax>
			<ymax>275</ymax>
		</bndbox>
	</object>
</annotation>
