<annotation>
	<folder>image</folder>
	<filename>12933434.jpg</filename>
	<path>E:\wasin\wasin\python\wasin\venv\image\12933434.jpg</path>
	<source>
		<database>Unknown</database>
	</source>
	<size>
		<width>460</width>
		<height>360</height>
		<depth>3</depth>
	</size>
	<segmented>0</segmented>
	<object>
		<name>crane</name>
		<pose>Unspecified</pose>
		<truncated>0</truncated>
		<difficult>0</difficult>
		<bndbox>
			<xmin>74</xmin>
			<ymin>97</ymin>
			<xmax>459</xmax>
			<ymax>339</ymax>
		</bndbox>
	</object>
</annotation>
