<annotation>
	<folder>image</folder>
	<filename>130035.jpg</filename>
	<path>E:\wasin\wasin\python\wasin\venv\image\130035.jpg</path>
	<source>
		<database>Unknown</database>
	</source>
	<size>
		<width>800</width>
		<height>600</height>
		<depth>3</depth>
	</size>
	<segmented>0</segmented>
	<object>
		<name>backhoe</name>
		<pose>Unspecified</pose>
		<truncated>0</truncated>
		<difficult>0</difficult>
		<bndbox>
			<xmin>241</xmin>
			<ymin>22</ymin>
			<xmax>784</xmax>
			<ymax>570</ymax>
		</bndbox>
	</object>
	<object>
		<name>backhoe</name>
		<pose>Unspecified</pose>
		<truncated>0</truncated>
		<difficult>0</difficult>
		<bndbox>
			<xmin>11</xmin>
			<ymin>191</ymin>
			<xmax>574</xmax>
			<ymax>498</ymax>
		</bndbox>
	</object>
</annotation>
