<annotation>
	<folder>image</folder>
	<filename>13133737.jpg</filename>
	<path>E:\wasin\wasin\python\wasin\venv\image\13133737.jpg</path>
	<source>
		<database>Unknown</database>
	</source>
	<size>
		<width>1200</width>
		<height>900</height>
		<depth>3</depth>
	</size>
	<segmented>0</segmented>
	<object>
		<name>crane</name>
		<pose>Unspecified</pose>
		<truncated>1</truncated>
		<difficult>0</difficult>
		<bndbox>
			<xmin>29</xmin>
			<ymin>1</ymin>
			<xmax>687</xmax>
			<ymax>811</ymax>
		</bndbox>
	</object>
</annotation>
