<annotation>
	<folder>image</folder>
	<filename>13233838.jpg</filename>
	<path>E:\wasin\wasin\python\wasin\venv\image\13233838.jpg</path>
	<source>
		<database>Unknown</database>
	</source>
	<size>
		<width>550</width>
		<height>325</height>
		<depth>3</depth>
	</size>
	<segmented>0</segmented>
	<object>
		<name>crane</name>
		<pose>Unspecified</pose>
		<truncated>1</truncated>
		<difficult>0</difficult>
		<bndbox>
			<xmin>74</xmin>
			<ymin>1</ymin>
			<xmax>306</xmax>
			<ymax>313</ymax>
		</bndbox>
	</object>
</annotation>
