<annotation>
	<folder>image</folder>
	<filename>13434041.jpg</filename>
	<path>E:\wasin\wasin\python\wasin\venv\image\13434041.jpg</path>
	<source>
		<database>Unknown</database>
	</source>
	<size>
		<width>450</width>
		<height>313</height>
		<depth>3</depth>
	</size>
	<segmented>0</segmented>
	<object>
		<name>crane</name>
		<pose>Unspecified</pose>
		<truncated>0</truncated>
		<difficult>0</difficult>
		<bndbox>
			<xmin>195</xmin>
			<ymin>3</ymin>
			<xmax>395</xmax>
			<ymax>304</ymax>
		</bndbox>
	</object>
</annotation>
