<annotation>
	<folder>image</folder>
	<filename>13534142.jpg</filename>
	<path>E:\wasin\wasin\python\wasin\venv\image\13534142.jpg</path>
	<source>
		<database>Unknown</database>
	</source>
	<size>
		<width>800</width>
		<height>600</height>
		<depth>3</depth>
	</size>
	<segmented>0</segmented>
	<object>
		<name>crane</name>
		<pose>Unspecified</pose>
		<truncated>0</truncated>
		<difficult>0</difficult>
		<bndbox>
			<xmin>32</xmin>
			<ymin>82</ymin>
			<xmax>775</xmax>
			<ymax>523</ymax>
		</bndbox>
	</object>
</annotation>
