<annotation>
	<folder>image</folder>
	<filename>13634243.jpg</filename>
	<path>E:\wasin\wasin\python\wasin\venv\image\13634243.jpg</path>
	<source>
		<database>Unknown</database>
	</source>
	<size>
		<width>360</width>
		<height>360</height>
		<depth>3</depth>
	</size>
	<segmented>0</segmented>
	<object>
		<name>crane</name>
		<pose>Unspecified</pose>
		<truncated>0</truncated>
		<difficult>0</difficult>
		<bndbox>
			<xmin>51</xmin>
			<ymin>173</ymin>
			<xmax>338</xmax>
			<ymax>247</ymax>
		</bndbox>
	</object>
</annotation>
