<annotation>
	<folder>image</folder>
	<filename>13834445.jpg</filename>
	<path>E:\wasin\wasin\python\wasin\venv\image\13834445.jpg</path>
	<source>
		<database>Unknown</database>
	</source>
	<size>
		<width>500</width>
		<height>353</height>
		<depth>3</depth>
	</size>
	<segmented>0</segmented>
	<object>
		<name>crane</name>
		<pose>Unspecified</pose>
		<truncated>0</truncated>
		<difficult>0</difficult>
		<bndbox>
			<xmin>22</xmin>
			<ymin>48</ymin>
			<xmax>454</xmax>
			<ymax>271</ymax>
		</bndbox>
	</object>
</annotation>
