<annotation>
	<folder>image</folder>
	<filename>13934546.jpg</filename>
	<path>E:\wasin\wasin\python\wasin\venv\image\13934546.jpg</path>
	<source>
		<database>Unknown</database>
	</source>
	<size>
		<width>1023</width>
		<height>771</height>
		<depth>3</depth>
	</size>
	<segmented>0</segmented>
	<object>
		<name>backhoe</name>
		<pose>Unspecified</pose>
		<truncated>1</truncated>
		<difficult>0</difficult>
		<bndbox>
			<xmin>114</xmin>
			<ymin>1</ymin>
			<xmax>907</xmax>
			<ymax>419</ymax>
		</bndbox>
	</object>
</annotation>
