<annotation>
	<folder>image</folder>
	<filename>14034747.jpg</filename>
	<path>E:\wasin\wasin\python\wasin\venv\image\14034747.jpg</path>
	<source>
		<database>Unknown</database>
	</source>
	<size>
		<width>640</width>
		<height>505</height>
		<depth>3</depth>
	</size>
	<segmented>0</segmented>
	<object>
		<name>truck</name>
		<pose>Unspecified</pose>
		<truncated>0</truncated>
		<difficult>0</difficult>
		<bndbox>
			<xmin>24</xmin>
			<ymin>57</ymin>
			<xmax>622</xmax>
			<ymax>427</ymax>
		</bndbox>
	</object>
</annotation>
