<annotation>
	<folder>image</folder>
	<filename>14134848.jpg</filename>
	<path>E:\wasin\wasin\python\wasin\venv\image\14134848.jpg</path>
	<source>
		<database>Unknown</database>
	</source>
	<size>
		<width>640</width>
		<height>480</height>
		<depth>3</depth>
	</size>
	<segmented>0</segmented>
	<object>
		<name>crane</name>
		<pose>Unspecified</pose>
		<truncated>0</truncated>
		<difficult>0</difficult>
		<bndbox>
			<xmin>169</xmin>
			<ymin>6</ymin>
			<xmax>625</xmax>
			<ymax>430</ymax>
		</bndbox>
	</object>
</annotation>
