<annotation>
	<folder>image</folder>
	<filename>14234949.jpg</filename>
	<path>E:\wasin\wasin\python\wasin\venv\image\14234949.jpg</path>
	<source>
		<database>Unknown</database>
	</source>
	<size>
		<width>800</width>
		<height>800</height>
		<depth>3</depth>
	</size>
	<segmented>0</segmented>
	<object>
		<name>truck</name>
		<pose>Unspecified</pose>
		<truncated>0</truncated>
		<difficult>0</difficult>
		<bndbox>
			<xmin>9</xmin>
			<ymin>70</ymin>
			<xmax>791</xmax>
			<ymax>697</ymax>
		</bndbox>
	</object>
</annotation>
