<annotation>
	<folder>image</folder>
	<filename>14335050.jpg</filename>
	<path>E:\wasin\wasin\python\wasin\venv\image\14335050.jpg</path>
	<source>
		<database>Unknown</database>
	</source>
	<size>
		<width>3264</width>
		<height>2448</height>
		<depth>3</depth>
	</size>
	<segmented>0</segmented>
	<object>
		<name>truck</name>
		<pose>Unspecified</pose>
		<truncated>0</truncated>
		<difficult>0</difficult>
		<bndbox>
			<xmin>217</xmin>
			<ymin>118</ymin>
			<xmax>3091</xmax>
			<ymax>2258</ymax>
		</bndbox>
	</object>
</annotation>
