<annotation>
	<folder>image</folder>
	<filename>1434651.jpg</filename>
	<path>E:\wasin\wasin\python\wasin\venv\image\1434651.jpg</path>
	<source>
		<database>Unknown</database>
	</source>
	<size>
		<width>300</width>
		<height>300</height>
		<depth>3</depth>
	</size>
	<segmented>0</segmented>
	<object>
		<name>truck</name>
		<pose>Unspecified</pose>
		<truncated>1</truncated>
		<difficult>0</difficult>
		<bndbox>
			<xmin>1</xmin>
			<ymin>64</ymin>
			<xmax>300</xmax>
			<ymax>235</ymax>
		</bndbox>
	</object>
</annotation>
