<annotation>
	<folder>image</folder>
	<filename>14435152.jpg</filename>
	<path>E:\wasin\wasin\python\wasin\venv\image\14435152.jpg</path>
	<source>
		<database>Unknown</database>
	</source>
	<size>
		<width>620</width>
		<height>300</height>
		<depth>3</depth>
	</size>
	<segmented>0</segmented>
	<object>
		<name>truck</name>
		<pose>Unspecified</pose>
		<truncated>0</truncated>
		<difficult>0</difficult>
		<bndbox>
			<xmin>68</xmin>
			<ymin>58</ymin>
			<xmax>549</xmax>
			<ymax>249</ymax>
		</bndbox>
	</object>
</annotation>
