<annotation>
	<folder>image</folder>
	<filename>14535253.jpg</filename>
	<path>E:\wasin\wasin\python\wasin\venv\image\14535253.jpg</path>
	<source>
		<database>Unknown</database>
	</source>
	<size>
		<width>960</width>
		<height>536</height>
		<depth>3</depth>
	</size>
	<segmented>0</segmented>
	<object>
		<name>truck</name>
		<pose>Unspecified</pose>
		<truncated>1</truncated>
		<difficult>0</difficult>
		<bndbox>
			<xmin>142</xmin>
			<ymin>1</ymin>
			<xmax>892</xmax>
			<ymax>521</ymax>
		</bndbox>
	</object>
</annotation>
