<annotation>
	<folder>image</folder>
	<filename>14835556.jpg</filename>
	<path>E:\wasin\wasin\python\wasin\venv\image\14835556.jpg</path>
	<source>
		<database>Unknown</database>
	</source>
	<size>
		<width>720</width>
		<height>480</height>
		<depth>3</depth>
	</size>
	<segmented>0</segmented>
	<object>
		<name>truck</name>
		<pose>Unspecified</pose>
		<truncated>0</truncated>
		<difficult>0</difficult>
		<bndbox>
			<xmin>6</xmin>
			<ymin>146</ymin>
			<xmax>589</xmax>
			<ymax>419</ymax>
		</bndbox>
	</object>
	<object>
		<name>backhoe</name>
		<pose>Unspecified</pose>
		<truncated>1</truncated>
		<difficult>0</difficult>
		<bndbox>
			<xmin>450</xmin>
			<ymin>1</ymin>
			<xmax>720</xmax>
			<ymax>287</ymax>
		</bndbox>
	</object>
</annotation>
