<annotation>
	<folder>image</folder>
	<filename>14935657.jpg</filename>
	<path>E:\wasin\wasin\python\wasin\venv\image\14935657.jpg</path>
	<source>
		<database>Unknown</database>
	</source>
	<size>
		<width>638</width>
		<height>479</height>
		<depth>3</depth>
	</size>
	<segmented>0</segmented>
	<object>
		<name>truck</name>
		<pose>Unspecified</pose>
		<truncated>0</truncated>
		<difficult>0</difficult>
		<bndbox>
			<xmin>31</xmin>
			<ymin>41</ymin>
			<xmax>628</xmax>
			<ymax>435</ymax>
		</bndbox>
	</object>
</annotation>
