<annotation>
	<folder>image</folder>
	<filename>15035858.png</filename>
	<path>E:\wasin\wasin\python\wasin\venv\image\15035858.png</path>
	<source>
		<database>Unknown</database>
	</source>
	<size>
		<width>981</width>
		<height>654</height>
		<depth>3</depth>
	</size>
	<segmented>0</segmented>
	<object>
		<name>truck</name>
		<pose>Unspecified</pose>
		<truncated>0</truncated>
		<difficult>0</difficult>
		<bndbox>
			<xmin>67</xmin>
			<ymin>45</ymin>
			<xmax>941</xmax>
			<ymax>649</ymax>
		</bndbox>
	</object>
</annotation>
