<annotation>
	<folder>image</folder>
	<filename>15336161.jpg</filename>
	<path>E:\wasin\wasin\python\wasin\venv\image\15336161.jpg</path>
	<source>
		<database>Unknown</database>
	</source>
	<size>
		<width>440</width>
		<height>330</height>
		<depth>3</depth>
	</size>
	<segmented>0</segmented>
	<object>
		<name>truck</name>
		<pose>Unspecified</pose>
		<truncated>0</truncated>
		<difficult>0</difficult>
		<bndbox>
			<xmin>35</xmin>
			<ymin>68</ymin>
			<xmax>396</xmax>
			<ymax>282</ymax>
		</bndbox>
	</object>
</annotation>
