<annotation>
	<folder>image</folder>
	<filename>1535762.jpg</filename>
	<path>E:\wasin\wasin\python\wasin\venv\image\1535762.jpg</path>
	<source>
		<database>Unknown</database>
	</source>
	<size>
		<width>600</width>
		<height>400</height>
		<depth>3</depth>
	</size>
	<segmented>0</segmented>
	<object>
		<name>backhoe</name>
		<pose>Unspecified</pose>
		<truncated>1</truncated>
		<difficult>0</difficult>
		<bndbox>
			<xmin>1</xmin>
			<ymin>1</ymin>
			<xmax>547</xmax>
			<ymax>393</ymax>
		</bndbox>
	</object>
</annotation>
