<annotation>
	<folder>image</folder>
	<filename>15536364.jpg</filename>
	<path>E:\wasin\wasin\python\wasin\venv\image\15536364.jpg</path>
	<source>
		<database>Unknown</database>
	</source>
	<size>
		<width>1500</width>
		<height>1000</height>
		<depth>3</depth>
	</size>
	<segmented>0</segmented>
	<object>
		<name>truck</name>
		<pose>Unspecified</pose>
		<truncated>0</truncated>
		<difficult>0</difficult>
		<bndbox>
			<xmin>150</xmin>
			<ymin>115</ymin>
			<xmax>1396</xmax>
			<ymax>925</ymax>
		</bndbox>
	</object>
</annotation>
