<annotation>
	<folder>image</folder>
	<filename>15736566.jpg</filename>
	<path>E:\wasin\wasin\python\wasin\venv\image\15736566.jpg</path>
	<source>
		<database>Unknown</database>
	</source>
	<size>
		<width>1024</width>
		<height>748</height>
		<depth>3</depth>
	</size>
	<segmented>0</segmented>
	<object>
		<name>truck</name>
		<pose>Unspecified</pose>
		<truncated>0</truncated>
		<difficult>0</difficult>
		<bndbox>
			<xmin>16</xmin>
			<ymin>30</ymin>
			<xmax>1021</xmax>
			<ymax>686</ymax>
		</bndbox>
	</object>
</annotation>
