<annotation>
	<folder>image</folder>
	<filename>15836667.jpg</filename>
	<path>E:\wasin\wasin\python\wasin\venv\image\15836667.jpg</path>
	<source>
		<database>Unknown</database>
	</source>
	<size>
		<width>1024</width>
		<height>765</height>
		<depth>3</depth>
	</size>
	<segmented>0</segmented>
	<object>
		<name>truck</name>
		<pose>Unspecified</pose>
		<truncated>0</truncated>
		<difficult>0</difficult>
		<bndbox>
			<xmin>152</xmin>
			<ymin>44</ymin>
			<xmax>1004</xmax>
			<ymax>756</ymax>
		</bndbox>
	</object>
</annotation>
