<annotation>
	<folder>image</folder>
	<filename>15936768.jpg</filename>
	<path>E:\wasin\wasin\python\wasin\venv\image\15936768.jpg</path>
	<source>
		<database>Unknown</database>
	</source>
	<size>
		<width>400</width>
		<height>225</height>
		<depth>3</depth>
	</size>
	<segmented>0</segmented>
	<object>
		<name>truck</name>
		<pose>Unspecified</pose>
		<truncated>0</truncated>
		<difficult>0</difficult>
		<bndbox>
			<xmin>16</xmin>
			<ymin>8</ymin>
			<xmax>352</xmax>
			<ymax>222</ymax>
		</bndbox>
	</object>
</annotation>
