<annotation>
	<folder>image</folder>
	<filename>16237171.png</filename>
	<path>E:\wasin\wasin\python\wasin\venv\image\16237171.png</path>
	<source>
		<database>Unknown</database>
	</source>
	<size>
		<width>1024</width>
		<height>768</height>
		<depth>3</depth>
	</size>
	<segmented>0</segmented>
	<object>
		<name>crane</name>
		<pose>Unspecified</pose>
		<truncated>0</truncated>
		<difficult>0</difficult>
		<bndbox>
			<xmin>53</xmin>
			<ymin>45</ymin>
			<xmax>1002</xmax>
			<ymax>600</ymax>
		</bndbox>
	</object>
</annotation>
