<annotation>
	<folder>image</folder>
	<filename>16337272.jpg</filename>
	<path>E:\wasin\wasin\python\wasin\venv\image\16337272.jpg</path>
	<source>
		<database>Unknown</database>
	</source>
	<size>
		<width>626</width>
		<height>415</height>
		<depth>3</depth>
	</size>
	<segmented>0</segmented>
	<object>
		<name>backhoe</name>
		<pose>Unspecified</pose>
		<truncated>0</truncated>
		<difficult>0</difficult>
		<bndbox>
			<xmin>54</xmin>
			<ymin>26</ymin>
			<xmax>329</xmax>
			<ymax>297</ymax>
		</bndbox>
	</object>
</annotation>
