<annotation>
	<folder>image</folder>
	<filename>1636873.jpg</filename>
	<path>E:\wasin\wasin\python\wasin\venv\image\1636873.jpg</path>
	<source>
		<database>Unknown</database>
	</source>
	<size>
		<width>1024</width>
		<height>536</height>
		<depth>3</depth>
	</size>
	<segmented>0</segmented>
	<object>
		<name>truck</name>
		<pose>Unspecified</pose>
		<truncated>0</truncated>
		<difficult>0</difficult>
		<bndbox>
			<xmin>25</xmin>
			<ymin>29</ymin>
			<xmax>701</xmax>
			<ymax>528</ymax>
		</bndbox>
	</object>
	<object>
		<name>truck</name>
		<pose>Unspecified</pose>
		<truncated>0</truncated>
		<difficult>0</difficult>
		<bndbox>
			<xmin>567</xmin>
			<ymin>87</ymin>
			<xmax>998</xmax>
			<ymax>468</ymax>
		</bndbox>
	</object>
</annotation>
