<annotation>
	<folder>image</folder>
	<filename>16437374.jpg</filename>
	<path>E:\wasin\wasin\python\wasin\venv\image\16437374.jpg</path>
	<source>
		<database>Unknown</database>
	</source>
	<size>
		<width>1600</width>
		<height>626</height>
		<depth>3</depth>
	</size>
	<segmented>0</segmented>
	<object>
		<name>backhoe</name>
		<pose>Unspecified</pose>
		<truncated>0</truncated>
		<difficult>0</difficult>
		<bndbox>
			<xmin>187</xmin>
			<ymin>29</ymin>
			<xmax>910</xmax>
			<ymax>591</ymax>
		</bndbox>
	</object>
</annotation>
