<annotation>
	<folder>image</folder>
	<filename>16537475.jpg</filename>
	<path>E:\wasin\wasin\python\wasin\venv\image\16537475.jpg</path>
	<source>
		<database>Unknown</database>
	</source>
	<size>
		<width>1200</width>
		<height>600</height>
		<depth>3</depth>
	</size>
	<segmented>0</segmented>
	<object>
		<name>backhoe</name>
		<pose>Unspecified</pose>
		<truncated>1</truncated>
		<difficult>0</difficult>
		<bndbox>
			<xmin>48</xmin>
			<ymin>20</ymin>
			<xmax>1137</xmax>
			<ymax>600</ymax>
		</bndbox>
	</object>
</annotation>
