<annotation>
	<folder>image</folder>
	<filename>16737677.jpg</filename>
	<path>E:\wasin\wasin\python\wasin\venv\image\16737677.jpg</path>
	<source>
		<database>Unknown</database>
	</source>
	<size>
		<width>900</width>
		<height>420</height>
		<depth>3</depth>
	</size>
	<segmented>0</segmented>
	<object>
		<name>backhoe</name>
		<pose>Unspecified</pose>
		<truncated>0</truncated>
		<difficult>0</difficult>
		<bndbox>
			<xmin>123</xmin>
			<ymin>2</ymin>
			<xmax>784</xmax>
			<ymax>419</ymax>
		</bndbox>
	</object>
</annotation>
