<annotation>
	<folder>image</folder>
	<filename>16837778.jpg</filename>
	<path>E:\wasin\wasin\python\wasin\venv\image\16837778.jpg</path>
	<source>
		<database>Unknown</database>
	</source>
	<size>
		<width>1300</width>
		<height>1034</height>
		<depth>3</depth>
	</size>
	<segmented>0</segmented>
	<object>
		<name>backhoe</name>
		<pose>Unspecified</pose>
		<truncated>0</truncated>
		<difficult>0</difficult>
		<bndbox>
			<xmin>128</xmin>
			<ymin>214</ymin>
			<xmax>1144</xmax>
			<ymax>734</ymax>
		</bndbox>
	</object>
</annotation>
