<annotation>
	<folder>image</folder>
	<filename>16937879.jpg</filename>
	<path>E:\wasin\wasin\python\wasin\venv\image\16937879.jpg</path>
	<source>
		<database>Unknown</database>
	</source>
	<size>
		<width>236</width>
		<height>215</height>
		<depth>3</depth>
	</size>
	<segmented>0</segmented>
	<object>
		<name>truck</name>
		<pose>Unspecified</pose>
		<truncated>0</truncated>
		<difficult>0</difficult>
		<bndbox>
			<xmin>8</xmin>
			<ymin>22</ymin>
			<xmax>226</xmax>
			<ymax>206</ymax>
		</bndbox>
	</object>
</annotation>
