<annotation>
	<folder>image</folder>
	<filename>17238282.jpg</filename>
	<path>E:\wasin\wasin\python\wasin\venv\image\17238282.jpg</path>
	<source>
		<database>Unknown</database>
	</source>
	<size>
		<width>3072</width>
		<height>2304</height>
		<depth>3</depth>
	</size>
	<segmented>0</segmented>
	<object>
		<name>crane</name>
		<pose>Unspecified</pose>
		<truncated>0</truncated>
		<difficult>0</difficult>
		<bndbox>
			<xmin>878</xmin>
			<ymin>139</ymin>
			<xmax>2875</xmax>
			<ymax>2278</ymax>
		</bndbox>
	</object>
</annotation>
