<annotation>
	<folder>image</folder>
	<filename>17338383.jpg</filename>
	<path>E:\wasin\wasin\python\wasin\venv\image\17338383.jpg</path>
	<source>
		<database>Unknown</database>
	</source>
	<size>
		<width>500</width>
		<height>350</height>
		<depth>3</depth>
	</size>
	<segmented>0</segmented>
	<object>
		<name>truck</name>
		<pose>Unspecified</pose>
		<truncated>0</truncated>
		<difficult>0</difficult>
		<bndbox>
			<xmin>41</xmin>
			<ymin>23</ymin>
			<xmax>469</xmax>
			<ymax>331</ymax>
		</bndbox>
	</object>
</annotation>
