<annotation>
	<folder>image</folder>
	<filename>1737984.jpg</filename>
	<path>E:\wasin\wasin\python\wasin\venv\image\1737984.jpg</path>
	<source>
		<database>Unknown</database>
	</source>
	<size>
		<width>512</width>
		<height>384</height>
		<depth>3</depth>
	</size>
	<segmented>0</segmented>
	<object>
		<name>truck</name>
		<pose>Unspecified</pose>
		<truncated>0</truncated>
		<difficult>0</difficult>
		<bndbox>
			<xmin>56</xmin>
			<ymin>53</ymin>
			<xmax>477</xmax>
			<ymax>335</ymax>
		</bndbox>
	</object>
</annotation>
