<annotation>
	<folder>image</folder>
	<filename>17438485.jpg</filename>
	<path>E:\wasin\wasin\python\wasin\venv\image\17438485.jpg</path>
	<source>
		<database>Unknown</database>
	</source>
	<size>
		<width>600</width>
		<height>600</height>
		<depth>3</depth>
	</size>
	<segmented>0</segmented>
	<object>
		<name>truck</name>
		<pose>Unspecified</pose>
		<truncated>1</truncated>
		<difficult>0</difficult>
		<bndbox>
			<xmin>1</xmin>
			<ymin>11</ymin>
			<xmax>599</xmax>
			<ymax>573</ymax>
		</bndbox>
	</object>
</annotation>
