<annotation>
	<folder>image</folder>
	<filename>17538586.jpg</filename>
	<path>E:\wasin\wasin\python\wasin\venv\image\17538586.jpg</path>
	<source>
		<database>Unknown</database>
	</source>
	<size>
		<width>250</width>
		<height>166</height>
		<depth>3</depth>
	</size>
	<segmented>0</segmented>
	<object>
		<name>backhoe</name>
		<pose>Unspecified</pose>
		<truncated>1</truncated>
		<difficult>0</difficult>
		<bndbox>
			<xmin>1</xmin>
			<ymin>9</ymin>
			<xmax>244</xmax>
			<ymax>158</ymax>
		</bndbox>
	</object>
</annotation>
