<annotation>
	<folder>image</folder>
	<filename>17638687.jpg</filename>
	<path>E:\wasin\wasin\python\wasin\venv\image\17638687.jpg</path>
	<source>
		<database>Unknown</database>
	</source>
	<size>
		<width>800</width>
		<height>533</height>
		<depth>3</depth>
	</size>
	<segmented>0</segmented>
	<object>
		<name>crane</name>
		<pose>Unspecified</pose>
		<truncated>0</truncated>
		<difficult>0</difficult>
		<bndbox>
			<xmin>72</xmin>
			<ymin>11</ymin>
			<xmax>569</xmax>
			<ymax>511</ymax>
		</bndbox>
	</object>
</annotation>
