<annotation>
	<folder>image</folder>
	<filename>17738788.jpg</filename>
	<path>E:\wasin\wasin\python\wasin\venv\image\17738788.jpg</path>
	<source>
		<database>Unknown</database>
	</source>
	<size>
		<width>2592</width>
		<height>1936</height>
		<depth>3</depth>
	</size>
	<segmented>0</segmented>
	<object>
		<name>truck</name>
		<pose>Unspecified</pose>
		<truncated>0</truncated>
		<difficult>0</difficult>
		<bndbox>
			<xmin>373</xmin>
			<ymin>455</ymin>
			<xmax>2228</xmax>
			<ymax>1647</ymax>
		</bndbox>
	</object>
</annotation>
