<annotation>
	<folder>image</folder>
	<filename>18039191.jpg</filename>
	<path>E:\wasin\wasin\python\wasin\venv\image\18039191.jpg</path>
	<source>
		<database>Unknown</database>
	</source>
	<size>
		<width>1441</width>
		<height>1192</height>
		<depth>3</depth>
	</size>
	<segmented>0</segmented>
	<object>
		<name>crane</name>
		<pose>Unspecified</pose>
		<truncated>0</truncated>
		<difficult>0</difficult>
		<bndbox>
			<xmin>350</xmin>
			<ymin>21</ymin>
			<xmax>1124</xmax>
			<ymax>1044</ymax>
		</bndbox>
	</object>
</annotation>
