<annotation>
	<folder>image</folder>
	<filename>18139292.jpg</filename>
	<path>E:\wasin\wasin\python\wasin\venv\image\18139292.jpg</path>
	<source>
		<database>Unknown</database>
	</source>
	<size>
		<width>250</width>
		<height>131</height>
		<depth>3</depth>
	</size>
	<segmented>0</segmented>
	<object>
		<name>crane</name>
		<pose>Unspecified</pose>
		<truncated>0</truncated>
		<difficult>0</difficult>
		<bndbox>
			<xmin>10</xmin>
			<ymin>3</ymin>
			<xmax>247</xmax>
			<ymax>125</ymax>
		</bndbox>
	</object>
</annotation>
