<annotation>
	<folder>image</folder>
	<filename>18239393.jpg</filename>
	<path>E:\wasin\wasin\python\wasin\venv\image\18239393.jpg</path>
	<source>
		<database>Unknown</database>
	</source>
	<size>
		<width>500</width>
		<height>333</height>
		<depth>3</depth>
	</size>
	<segmented>0</segmented>
	<object>
		<name>truck</name>
		<pose>Unspecified</pose>
		<truncated>0</truncated>
		<difficult>0</difficult>
		<bndbox>
			<xmin>78</xmin>
			<ymin>36</ymin>
			<xmax>416</xmax>
			<ymax>290</ymax>
		</bndbox>
	</object>
</annotation>
