<annotation>
	<folder>image</folder>
	<filename>18339494.jpg</filename>
	<path>E:\wasin\wasin\python\wasin\venv\image\18339494.jpg</path>
	<source>
		<database>Unknown</database>
	</source>
	<size>
		<width>600</width>
		<height>268</height>
		<depth>3</depth>
	</size>
	<segmented>0</segmented>
	<object>
		<name>truck</name>
		<pose>Unspecified</pose>
		<truncated>0</truncated>
		<difficult>0</difficult>
		<bndbox>
			<xmin>10</xmin>
			<ymin>80</ymin>
			<xmax>318</xmax>
			<ymax>213</ymax>
		</bndbox>
	</object>
</annotation>
