<annotation>
	<folder>image</folder>
	<filename>1839095.jpg</filename>
	<path>E:\wasin\wasin\python\wasin\venv\image\1839095.jpg</path>
	<source>
		<database>Unknown</database>
	</source>
	<size>
		<width>600</width>
		<height>521</height>
		<depth>3</depth>
	</size>
	<segmented>0</segmented>
	<object>
		<name>crane</name>
		<pose>Unspecified</pose>
		<truncated>0</truncated>
		<difficult>0</difficult>
		<bndbox>
			<xmin>39</xmin>
			<ymin>73</ymin>
			<xmax>588</xmax>
			<ymax>406</ymax>
		</bndbox>
	</object>
</annotation>
