<annotation>
	<folder>image</folder>
	<filename>18439596.jpg</filename>
	<path>E:\wasin\wasin\python\wasin\venv\image\18439596.jpg</path>
	<source>
		<database>Unknown</database>
	</source>
	<size>
		<width>667</width>
		<height>500</height>
		<depth>3</depth>
	</size>
	<segmented>0</segmented>
	<object>
		<name>truck</name>
		<pose>Unspecified</pose>
		<truncated>0</truncated>
		<difficult>0</difficult>
		<bndbox>
			<xmin>33</xmin>
			<ymin>40</ymin>
			<xmax>609</xmax>
			<ymax>465</ymax>
		</bndbox>
	</object>
</annotation>
