<annotation>
	<folder>image</folder>
	<filename>18539697.jpg</filename>
	<path>E:\wasin\wasin\python\wasin\venv\image\18539697.jpg</path>
	<source>
		<database>Unknown</database>
	</source>
	<size>
		<width>350</width>
		<height>275</height>
		<depth>3</depth>
	</size>
	<segmented>0</segmented>
	<object>
		<name>backhoe</name>
		<pose>Unspecified</pose>
		<truncated>0</truncated>
		<difficult>0</difficult>
		<bndbox>
			<xmin>22</xmin>
			<ymin>35</ymin>
			<xmax>338</xmax>
			<ymax>252</ymax>
		</bndbox>
	</object>
</annotation>
