<annotation>
	<folder>image</folder>
	<filename>18639798.jpg</filename>
	<path>E:\wasin\wasin\python\wasin\venv\image\18639798.jpg</path>
	<source>
		<database>Unknown</database>
	</source>
	<size>
		<width>459</width>
		<height>272</height>
		<depth>3</depth>
	</size>
	<segmented>0</segmented>
	<object>
		<name>crane</name>
		<pose>Unspecified</pose>
		<truncated>0</truncated>
		<difficult>0</difficult>
		<bndbox>
			<xmin>44</xmin>
			<ymin>4</ymin>
			<xmax>380</xmax>
			<ymax>270</ymax>
		</bndbox>
	</object>
</annotation>
