<annotation>
	<folder>image</folder>
	<filename>18739899.png</filename>
	<path>E:\wasin\wasin\python\wasin\venv\image\18739899.png</path>
	<source>
		<database>Unknown</database>
	</source>
	<size>
		<width>450</width>
		<height>338</height>
		<depth>3</depth>
	</size>
	<segmented>0</segmented>
	<object>
		<name>crane</name>
		<pose>Unspecified</pose>
		<truncated>0</truncated>
		<difficult>0</difficult>
		<bndbox>
			<xmin>15</xmin>
			<ymin>13</ymin>
			<xmax>443</xmax>
			<ymax>328</ymax>
		</bndbox>
	</object>
</annotation>
