<annotation>
	<folder>image</folder>
	<filename>19399100.jpg</filename>
	<path>E:\wasin\wasin\python\wasin\venv\image\19399100.jpg</path>
	<source>
		<database>Unknown</database>
	</source>
	<size>
		<width>220</width>
		<height>220</height>
		<depth>3</depth>
	</size>
	<segmented>0</segmented>
	<object>
		<name>truck</name>
		<pose>Unspecified</pose>
		<truncated>0</truncated>
		<difficult>0</difficult>
		<bndbox>
			<xmin>21</xmin>
			<ymin>10</ymin>
			<xmax>198</xmax>
			<ymax>178</ymax>
		</bndbox>
	</object>
</annotation>
