<annotation>
	<folder>image</folder>
	<filename>20400101.jpg</filename>
	<path>E:\wasin\wasin\python\wasin\venv\image\20400101.jpg</path>
	<source>
		<database>Unknown</database>
	</source>
	<size>
		<width>350</width>
		<height>350</height>
		<depth>3</depth>
	</size>
	<segmented>0</segmented>
	<object>
		<name>truck</name>
		<pose>Unspecified</pose>
		<truncated>0</truncated>
		<difficult>0</difficult>
		<bndbox>
			<xmin>22</xmin>
			<ymin>100</ymin>
			<xmax>341</xmax>
			<ymax>342</ymax>
		</bndbox>
	</object>
</annotation>
