<annotation>
	<folder>image</folder>
	<filename>21401102.jpg</filename>
	<path>E:\wasin\wasin\python\wasin\venv\image\21401102.jpg</path>
	<source>
		<database>Unknown</database>
	</source>
	<size>
		<width>400</width>
		<height>278</height>
		<depth>3</depth>
	</size>
	<segmented>0</segmented>
	<object>
		<name>truck</name>
		<pose>Unspecified</pose>
		<truncated>1</truncated>
		<difficult>0</difficult>
		<bndbox>
			<xmin>7</xmin>
			<ymin>1</ymin>
			<xmax>378</xmax>
			<ymax>267</ymax>
		</bndbox>
	</object>
</annotation>
