<annotation>
	<folder>image</folder>
	<filename>22402103.jpeg</filename>
	<path>E:\wasin\wasin\python\wasin\venv\image\22402103.jpeg</path>
	<source>
		<database>Unknown</database>
	</source>
	<size>
		<width>3586</width>
		<height>2561</height>
		<depth>3</depth>
	</size>
	<segmented>0</segmented>
	<object>
		<name>truck</name>
		<pose>Unspecified</pose>
		<truncated>0</truncated>
		<difficult>0</difficult>
		<bndbox>
			<xmin>205</xmin>
			<ymin>194</ymin>
			<xmax>3329</xmax>
			<ymax>2496</ymax>
		</bndbox>
	</object>
</annotation>
