<annotation>
	<folder>image</folder>
	<filename>24404105.jpg</filename>
	<path>E:\wasin\wasin\python\wasin\venv\image\24404105.jpg</path>
	<source>
		<database>Unknown</database>
	</source>
	<size>
		<width>350</width>
		<height>243</height>
		<depth>3</depth>
	</size>
	<segmented>0</segmented>
	<object>
		<name>truck</name>
		<pose>Unspecified</pose>
		<truncated>0</truncated>
		<difficult>0</difficult>
		<bndbox>
			<xmin>67</xmin>
			<ymin>8</ymin>
			<xmax>336</xmax>
			<ymax>204</ymax>
		</bndbox>
	</object>
</annotation>
