<annotation>
	<folder>image</folder>
	<filename>25405106.jpg</filename>
	<path>E:\wasin\wasin\python\wasin\venv\image\25405106.jpg</path>
	<source>
		<database>Unknown</database>
	</source>
	<size>
		<width>466</width>
		<height>387</height>
		<depth>3</depth>
	</size>
	<segmented>0</segmented>
	<object>
		<name>backhoe</name>
		<pose>Unspecified</pose>
		<truncated>1</truncated>
		<difficult>0</difficult>
		<bndbox>
			<xmin>10</xmin>
			<ymin>6</ymin>
			<xmax>466</xmax>
			<ymax>369</ymax>
		</bndbox>
	</object>
</annotation>
