<annotation>
	<folder>image</folder>
	<filename>26406107.jpg</filename>
	<path>E:\wasin\wasin\python\wasin\venv\image\26406107.jpg</path>
	<source>
		<database>Unknown</database>
	</source>
	<size>
		<width>466</width>
		<height>250</height>
		<depth>3</depth>
	</size>
	<segmented>0</segmented>
	<object>
		<name>backhoe</name>
		<pose>Unspecified</pose>
		<truncated>0</truncated>
		<difficult>0</difficult>
		<bndbox>
			<xmin>14</xmin>
			<ymin>12</ymin>
			<xmax>448</xmax>
			<ymax>240</ymax>
		</bndbox>
	</object>
</annotation>
