<annotation>
	<folder>image</folder>
	<filename>27407108.jpg</filename>
	<path>E:\wasin\wasin\python\wasin\venv\image\27407108.jpg</path>
	<source>
		<database>Unknown</database>
	</source>
	<size>
		<width>355</width>
		<height>135</height>
		<depth>3</depth>
	</size>
	<segmented>0</segmented>
	<object>
		<name>backhoe</name>
		<pose>Unspecified</pose>
		<truncated>0</truncated>
		<difficult>0</difficult>
		<bndbox>
			<xmin>11</xmin>
			<ymin>3</ymin>
			<xmax>254</xmax>
			<ymax>129</ymax>
		</bndbox>
	</object>
</annotation>
