<annotation>
	<folder>image</folder>
	<filename>28408109.jpg</filename>
	<path>E:\wasin\wasin\python\wasin\venv\image\28408109.jpg</path>
	<source>
		<database>Unknown</database>
	</source>
	<size>
		<width>1500</width>
		<height>1371</height>
		<depth>3</depth>
	</size>
	<segmented>0</segmented>
	<object>
		<name>backhoe</name>
		<pose>Unspecified</pose>
		<truncated>0</truncated>
		<difficult>0</difficult>
		<bndbox>
			<xmin>15</xmin>
			<ymin>182</ymin>
			<xmax>1052</xmax>
			<ymax>1163</ymax>
		</bndbox>
	</object>
</annotation>
