<annotation>
	<folder>image</folder>
	<filename>29409110.jpg</filename>
	<path>E:\wasin\wasin\python\wasin\venv\image\29409110.jpg</path>
	<source>
		<database>Unknown</database>
	</source>
	<size>
		<width>355</width>
		<height>304</height>
		<depth>3</depth>
	</size>
	<segmented>0</segmented>
	<object>
		<name>backhoe</name>
		<pose>Unspecified</pose>
		<truncated>0</truncated>
		<difficult>0</difficult>
		<bndbox>
			<xmin>11</xmin>
			<ymin>17</ymin>
			<xmax>336</xmax>
			<ymax>274</ymax>
		</bndbox>
	</object>
</annotation>
