<annotation>
	<folder>image</folder>
	<filename>32413113.jpg</filename>
	<path>E:\wasin\wasin\python\wasin\venv\image\32413113.jpg</path>
	<source>
		<database>Unknown</database>
	</source>
	<size>
		<width>300</width>
		<height>200</height>
		<depth>3</depth>
	</size>
	<segmented>0</segmented>
	<object>
		<name>truck</name>
		<pose>Unspecified</pose>
		<truncated>0</truncated>
		<difficult>0</difficult>
		<bndbox>
			<xmin>31</xmin>
			<ymin>23</ymin>
			<xmax>253</xmax>
			<ymax>159</ymax>
		</bndbox>
	</object>
</annotation>
