<annotation>
	<folder>image</folder>
	<filename>33414114.jpg</filename>
	<path>E:\wasin\wasin\python\wasin\venv\image\33414114.jpg</path>
	<source>
		<database>Unknown</database>
	</source>
	<size>
		<width>500</width>
		<height>313</height>
		<depth>3</depth>
	</size>
	<segmented>0</segmented>
	<object>
		<name>backhoe</name>
		<pose>Unspecified</pose>
		<truncated>0</truncated>
		<difficult>0</difficult>
		<bndbox>
			<xmin>44</xmin>
			<ymin>66</ymin>
			<xmax>441</xmax>
			<ymax>271</ymax>
		</bndbox>
	</object>
</annotation>
