<annotation>
	<folder>image</folder>
	<filename>3410115.jpg</filename>
	<path>E:\wasin\wasin\python\wasin\venv\image\3410115.jpg</path>
	<source>
		<database>Unknown</database>
	</source>
	<size>
		<width>720</width>
		<height>450</height>
		<depth>3</depth>
	</size>
	<segmented>0</segmented>
	<object>
		<name>truck</name>
		<pose>Unspecified</pose>
		<truncated>0</truncated>
		<difficult>0</difficult>
		<bndbox>
			<xmin>80</xmin>
			<ymin>42</ymin>
			<xmax>677</xmax>
			<ymax>428</ymax>
		</bndbox>
	</object>
</annotation>
