<annotation>
	<folder>image</folder>
	<filename>34415116.jpg</filename>
	<path>E:\wasin\wasin\python\wasin\venv\image\34415116.jpg</path>
	<source>
		<database>Unknown</database>
	</source>
	<size>
		<width>676</width>
		<height>615</height>
		<depth>3</depth>
	</size>
	<segmented>0</segmented>
	<object>
		<name>truck</name>
		<pose>Unspecified</pose>
		<truncated>0</truncated>
		<difficult>0</difficult>
		<bndbox>
			<xmin>24</xmin>
			<ymin>22</ymin>
			<xmax>664</xmax>
			<ymax>570</ymax>
		</bndbox>
	</object>
</annotation>
