<annotation>
	<folder>image</folder>
	<filename>35416117.jpeg</filename>
	<path>E:\wasin\wasin\python\wasin\venv\image\35416117.jpeg</path>
	<source>
		<database>Unknown</database>
	</source>
	<size>
		<width>1980</width>
		<height>1080</height>
		<depth>3</depth>
	</size>
	<segmented>0</segmented>
	<object>
		<name>truck</name>
		<pose>Unspecified</pose>
		<truncated>0</truncated>
		<difficult>0</difficult>
		<bndbox>
			<xmin>170</xmin>
			<ymin>61</ymin>
			<xmax>1863</xmax>
			<ymax>1008</ymax>
		</bndbox>
	</object>
</annotation>
