<annotation>
	<folder>image</folder>
	<filename>36417118.jpg</filename>
	<path>E:\wasin\wasin\python\wasin\venv\image\36417118.jpg</path>
	<source>
		<database>Unknown</database>
	</source>
	<size>
		<width>1200</width>
		<height>837</height>
		<depth>3</depth>
	</size>
	<segmented>0</segmented>
	<object>
		<name>truck</name>
		<pose>Unspecified</pose>
		<truncated>0</truncated>
		<difficult>0</difficult>
		<bndbox>
			<xmin>133</xmin>
			<ymin>24</ymin>
			<xmax>1085</xmax>
			<ymax>816</ymax>
		</bndbox>
	</object>
</annotation>
