<annotation>
	<folder>image</folder>
	<filename>37418119.jpg</filename>
	<path>E:\wasin\wasin\python\wasin\venv\image\37418119.jpg</path>
	<source>
		<database>Unknown</database>
	</source>
	<size>
		<width>1200</width>
		<height>900</height>
		<depth>3</depth>
	</size>
	<segmented>0</segmented>
	<object>
		<name>truck</name>
		<pose>Unspecified</pose>
		<truncated>0</truncated>
		<difficult>0</difficult>
		<bndbox>
			<xmin>29</xmin>
			<ymin>231</ymin>
			<xmax>1101</xmax>
			<ymax>693</ymax>
		</bndbox>
	</object>
</annotation>
