<annotation>
	<folder>image</folder>
	<filename>38419120.jpg</filename>
	<path>E:\wasin\wasin\python\wasin\venv\image\38419120.jpg</path>
	<source>
		<database>Unknown</database>
	</source>
	<size>
		<width>3264</width>
		<height>2448</height>
		<depth>3</depth>
	</size>
	<segmented>0</segmented>
	<object>
		<name>crane</name>
		<pose>Unspecified</pose>
		<truncated>0</truncated>
		<difficult>0</difficult>
		<bndbox>
			<xmin>272</xmin>
			<ymin>400</ymin>
			<xmax>3178</xmax>
			<ymax>2044</ymax>
		</bndbox>
	</object>
</annotation>
