<annotation>
	<folder>image</folder>
	<filename>39420121.jpg</filename>
	<path>E:\wasin\wasin\python\wasin\venv\image\39420121.jpg</path>
	<source>
		<database>Unknown</database>
	</source>
	<size>
		<width>400</width>
		<height>253</height>
		<depth>3</depth>
	</size>
	<segmented>0</segmented>
	<object>
		<name>backhoe</name>
		<pose>Unspecified</pose>
		<truncated>0</truncated>
		<difficult>0</difficult>
		<bndbox>
			<xmin>30</xmin>
			<ymin>6</ymin>
			<xmax>376</xmax>
			<ymax>222</ymax>
		</bndbox>
	</object>
</annotation>
