<annotation>
	<folder>image</folder>
	<filename>40422122.jpg</filename>
	<path>E:\wasin\wasin\python\wasin\venv\image\40422122.jpg</path>
	<source>
		<database>Unknown</database>
	</source>
	<size>
		<width>1133</width>
		<height>682</height>
		<depth>3</depth>
	</size>
	<segmented>0</segmented>
	<object>
		<name>crane</name>
		<pose>Unspecified</pose>
		<truncated>0</truncated>
		<difficult>0</difficult>
		<bndbox>
			<xmin>18</xmin>
			<ymin>5</ymin>
			<xmax>1119</xmax>
			<ymax>650</ymax>
		</bndbox>
	</object>
</annotation>
