<annotation>
	<folder>image</folder>
	<filename>42424124.jpg</filename>
	<path>E:\wasin\wasin\python\wasin\venv\image\42424124.jpg</path>
	<source>
		<database>Unknown</database>
	</source>
	<size>
		<width>600</width>
		<height>330</height>
		<depth>3</depth>
	</size>
	<segmented>0</segmented>
	<object>
		<name>crane</name>
		<pose>Unspecified</pose>
		<truncated>1</truncated>
		<difficult>0</difficult>
		<bndbox>
			<xmin>243</xmin>
			<ymin>1</ymin>
			<xmax>512</xmax>
			<ymax>322</ymax>
		</bndbox>
	</object>
</annotation>
