<annotation>
	<folder>image</folder>
	<filename>43425125.jpg</filename>
	<path>E:\wasin\wasin\python\wasin\venv\image\43425125.jpg</path>
	<source>
		<database>Unknown</database>
	</source>
	<size>
		<width>1280</width>
		<height>910</height>
		<depth>3</depth>
	</size>
	<segmented>0</segmented>
	<object>
		<name>truck</name>
		<pose>Unspecified</pose>
		<truncated>0</truncated>
		<difficult>0</difficult>
		<bndbox>
			<xmin>31</xmin>
			<ymin>61</ymin>
			<xmax>1262</xmax>
			<ymax>873</ymax>
		</bndbox>
	</object>
</annotation>
