<annotation>
	<folder>image</folder>
	<filename>45427128.jpg</filename>
	<path>E:\wasin\wasin\python\wasin\venv\image\45427128.jpg</path>
	<source>
		<database>Unknown</database>
	</source>
	<size>
		<width>926</width>
		<height>585</height>
		<depth>3</depth>
	</size>
	<segmented>0</segmented>
	<object>
		<name>truck</name>
		<pose>Unspecified</pose>
		<truncated>0</truncated>
		<difficult>0</difficult>
		<bndbox>
			<xmin>47</xmin>
			<ymin>124</ymin>
			<xmax>886</xmax>
			<ymax>481</ymax>
		</bndbox>
	</object>
</annotation>
