<annotation>
	<folder>image</folder>
	<filename>46428129.jpg</filename>
	<path>E:\wasin\wasin\python\wasin\venv\image\46428129.jpg</path>
	<source>
		<database>Unknown</database>
	</source>
	<size>
		<width>905</width>
		<height>648</height>
		<depth>3</depth>
	</size>
	<segmented>0</segmented>
	<object>
		<name>truck</name>
		<pose>Unspecified</pose>
		<truncated>0</truncated>
		<difficult>0</difficult>
		<bndbox>
			<xmin>52</xmin>
			<ymin>54</ymin>
			<xmax>807</xmax>
			<ymax>549</ymax>
		</bndbox>
	</object>
</annotation>
