<annotation>
	<folder>image</folder>
	<filename>47429130.jpg</filename>
	<path>E:\wasin\wasin\python\wasin\venv\image\47429130.jpg</path>
	<source>
		<database>Unknown</database>
	</source>
	<size>
		<width>932</width>
		<height>584</height>
		<depth>3</depth>
	</size>
	<segmented>0</segmented>
	<object>
		<name>truck</name>
		<pose>Unspecified</pose>
		<truncated>0</truncated>
		<difficult>0</difficult>
		<bndbox>
			<xmin>45</xmin>
			<ymin>81</ymin>
			<xmax>885</xmax>
			<ymax>485</ymax>
		</bndbox>
	</object>
</annotation>
