<annotation>
	<folder>image</folder>
	<filename>50433133.png</filename>
	<path>E:\wasin\wasin\python\wasin\venv\image\50433133.png</path>
	<source>
		<database>Unknown</database>
	</source>
	<size>
		<width>1200</width>
		<height>947</height>
		<depth>3</depth>
	</size>
	<segmented>0</segmented>
	<object>
		<name>backhoe</name>
		<pose>Unspecified</pose>
		<truncated>0</truncated>
		<difficult>0</difficult>
		<bndbox>
			<xmin>102</xmin>
			<ymin>42</ymin>
			<xmax>1078</xmax>
			<ymax>875</ymax>
		</bndbox>
	</object>
</annotation>
