<annotation>
	<folder>image</folder>
	<filename>52435135.jpg</filename>
	<path>E:\wasin\wasin\python\wasin\venv\image\52435135.jpg</path>
	<source>
		<database>Unknown</database>
	</source>
	<size>
		<width>892</width>
		<height>563</height>
		<depth>3</depth>
	</size>
	<segmented>0</segmented>
	<object>
		<name>backhoe</name>
		<pose>Unspecified</pose>
		<truncated>0</truncated>
		<difficult>0</difficult>
		<bndbox>
			<xmin>7</xmin>
			<ymin>11</ymin>
			<xmax>878</xmax>
			<ymax>502</ymax>
		</bndbox>
	</object>
</annotation>
