<annotation>
	<folder>image</folder>
	<filename>53436136.jpg</filename>
	<path>E:\wasin\wasin\python\wasin\venv\image\53436136.jpg</path>
	<source>
		<database>Unknown</database>
	</source>
	<size>
		<width>700</width>
		<height>700</height>
		<depth>3</depth>
	</size>
	<segmented>0</segmented>
	<object>
		<name>crane</name>
		<pose>Unspecified</pose>
		<truncated>1</truncated>
		<difficult>0</difficult>
		<bndbox>
			<xmin>99</xmin>
			<ymin>1</ymin>
			<xmax>604</xmax>
			<ymax>700</ymax>
		</bndbox>
	</object>
</annotation>
