<annotation>
	<folder>image</folder>
	<filename>5432137.jpg</filename>
	<path>E:\wasin\wasin\python\wasin\venv\image\5432137.jpg</path>
	<source>
		<database>Unknown</database>
	</source>
	<size>
		<width>550</width>
		<height>550</height>
		<depth>3</depth>
	</size>
	<segmented>0</segmented>
	<object>
		<name>backhoe</name>
		<pose>Unspecified</pose>
		<truncated>0</truncated>
		<difficult>0</difficult>
		<bndbox>
			<xmin>5</xmin>
			<ymin>50</ymin>
			<xmax>529</xmax>
			<ymax>483</ymax>
		</bndbox>
	</object>
</annotation>
