<annotation>
	<folder>image</folder>
	<filename>54437138.jpg</filename>
	<path>E:\wasin\wasin\python\wasin\venv\image\54437138.jpg</path>
	<source>
		<database>Unknown</database>
	</source>
	<size>
		<width>640</width>
		<height>480</height>
		<depth>3</depth>
	</size>
	<segmented>0</segmented>
	<object>
		<name>backhoe</name>
		<pose>Unspecified</pose>
		<truncated>1</truncated>
		<difficult>0</difficult>
		<bndbox>
			<xmin>1</xmin>
			<ymin>41</ymin>
			<xmax>491</xmax>
			<ymax>433</ymax>
		</bndbox>
	</object>
</annotation>
