<annotation>
	<folder>image</folder>
	<filename>56439140.jpg</filename>
	<path>E:\wasin\wasin\python\wasin\venv\image\56439140.jpg</path>
	<source>
		<database>Unknown</database>
	</source>
	<size>
		<width>640</width>
		<height>480</height>
		<depth>3</depth>
	</size>
	<segmented>0</segmented>
	<object>
		<name>backhoe</name>
		<pose>Unspecified</pose>
		<truncated>0</truncated>
		<difficult>0</difficult>
		<bndbox>
			<xmin>139</xmin>
			<ymin>22</ymin>
			<xmax>501</xmax>
			<ymax>427</ymax>
		</bndbox>
	</object>
</annotation>
