<annotation>
	<folder>image</folder>
	<filename>57440141.jpg</filename>
	<path>E:\wasin\wasin\python\wasin\venv\image\57440141.jpg</path>
	<source>
		<database>Unknown</database>
	</source>
	<size>
		<width>640</width>
		<height>480</height>
		<depth>3</depth>
	</size>
	<segmented>0</segmented>
	<object>
		<name>backhoe</name>
		<pose>Unspecified</pose>
		<truncated>0</truncated>
		<difficult>0</difficult>
		<bndbox>
			<xmin>219</xmin>
			<ymin>12</ymin>
			<xmax>454</xmax>
			<ymax>461</ymax>
		</bndbox>
	</object>
</annotation>
