<annotation>
	<folder>image</folder>
	<filename>58441142.jpg</filename>
	<path>E:\wasin\wasin\python\wasin\venv\image\58441142.jpg</path>
	<source>
		<database>Unknown</database>
	</source>
	<size>
		<width>900</width>
		<height>597</height>
		<depth>3</depth>
	</size>
	<segmented>0</segmented>
	<object>
		<name>truck</name>
		<pose>Unspecified</pose>
		<truncated>0</truncated>
		<difficult>0</difficult>
		<bndbox>
			<xmin>100</xmin>
			<ymin>10</ymin>
			<xmax>778</xmax>
			<ymax>519</ymax>
		</bndbox>
	</object>
</annotation>
