<annotation>
	<folder>image</folder>
	<filename>59442143.jpg</filename>
	<path>E:\wasin\wasin\python\wasin\venv\image\59442143.jpg</path>
	<source>
		<database>Unknown</database>
	</source>
	<size>
		<width>1300</width>
		<height>866</height>
		<depth>3</depth>
	</size>
	<segmented>0</segmented>
	<object>
		<name>truck</name>
		<pose>Unspecified</pose>
		<truncated>0</truncated>
		<difficult>0</difficult>
		<bndbox>
			<xmin>67</xmin>
			<ymin>472</ymin>
			<xmax>586</xmax>
			<ymax>753</ymax>
		</bndbox>
	</object>
	<object>
		<name>backhoe</name>
		<pose>Unspecified</pose>
		<truncated>0</truncated>
		<difficult>0</difficult>
		<bndbox>
			<xmin>271</xmin>
			<ymin>177</ymin>
			<xmax>1252</xmax>
			<ymax>606</ymax>
		</bndbox>
	</object>
</annotation>
