<annotation>
	<folder>image</folder>
	<filename>60444144.jpg</filename>
	<path>E:\wasin\wasin\python\wasin\venv\image\60444144.jpg</path>
	<source>
		<database>Unknown</database>
	</source>
	<size>
		<width>866</width>
		<height>1300</height>
		<depth>3</depth>
	</size>
	<segmented>0</segmented>
	<object>
		<name>crane</name>
		<pose>Unspecified</pose>
		<truncated>0</truncated>
		<difficult>0</difficult>
		<bndbox>
			<xmin>54</xmin>
			<ymin>42</ymin>
			<xmax>845</xmax>
			<ymax>1172</ymax>
		</bndbox>
	</object>
</annotation>
