<annotation>
	<folder>image</folder>
	<filename>62446146.jpg</filename>
	<path>E:\wasin\wasin\python\wasin\venv\image\62446146.jpg</path>
	<source>
		<database>Unknown</database>
	</source>
	<size>
		<width>2400</width>
		<height>1600</height>
		<depth>3</depth>
	</size>
	<segmented>0</segmented>
	<object>
		<name>crane</name>
		<pose>Unspecified</pose>
		<truncated>0</truncated>
		<difficult>0</difficult>
		<bndbox>
			<xmin>411</xmin>
			<ymin>357</ymin>
			<xmax>2065</xmax>
			<ymax>1251</ymax>
		</bndbox>
	</object>
</annotation>
