<annotation>
	<folder>image</folder>
	<filename>63447147.jpg</filename>
	<path>E:\wasin\wasin\python\wasin\venv\image\63447147.jpg</path>
	<source>
		<database>Unknown</database>
	</source>
	<size>
		<width>740</width>
		<height>555</height>
		<depth>3</depth>
	</size>
	<segmented>0</segmented>
	<object>
		<name>crane</name>
		<pose>Unspecified</pose>
		<truncated>1</truncated>
		<difficult>0</difficult>
		<bndbox>
			<xmin>348</xmin>
			<ymin>17</ymin>
			<xmax>740</xmax>
			<ymax>440</ymax>
		</bndbox>
	</object>
</annotation>
