<annotation>
	<folder>image</folder>
	<filename>6443148.jpg</filename>
	<path>E:\wasin\wasin\python\wasin\venv\image\6443148.jpg</path>
	<source>
		<database>Unknown</database>
	</source>
	<size>
		<width>550</width>
		<height>550</height>
		<depth>3</depth>
	</size>
	<segmented>0</segmented>
	<object>
		<name>backhoe</name>
		<pose>Unspecified</pose>
		<truncated>0</truncated>
		<difficult>0</difficult>
		<bndbox>
			<xmin>10</xmin>
			<ymin>52</ymin>
			<xmax>543</xmax>
			<ymax>472</ymax>
		</bndbox>
	</object>
</annotation>
