<annotation>
	<folder>image</folder>
	<filename>64448149.jpg</filename>
	<path>E:\wasin\wasin\python\wasin\venv\image\64448149.jpg</path>
	<source>
		<database>Unknown</database>
	</source>
	<size>
		<width>1300</width>
		<height>866</height>
		<depth>3</depth>
	</size>
	<segmented>0</segmented>
	<object>
		<name>backhoe</name>
		<pose>Unspecified</pose>
		<truncated>0</truncated>
		<difficult>0</difficult>
		<bndbox>
			<xmin>140</xmin>
			<ymin>60</ymin>
			<xmax>1291</xmax>
			<ymax>796</ymax>
		</bndbox>
	</object>
</annotation>
