<annotation>
	<folder>image</folder>
	<filename>65449150.jpg</filename>
	<path>E:\wasin\wasin\python\wasin\venv\image\65449150.jpg</path>
	<source>
		<database>Unknown</database>
	</source>
	<size>
		<width>861</width>
		<height>1300</height>
		<depth>3</depth>
	</size>
	<segmented>0</segmented>
	<object>
		<name>backhoe</name>
		<pose>Unspecified</pose>
		<truncated>0</truncated>
		<difficult>0</difficult>
		<bndbox>
			<xmin>119</xmin>
			<ymin>83</ymin>
			<xmax>779</xmax>
			<ymax>1205</ymax>
		</bndbox>
	</object>
</annotation>
