<annotation>
	<folder>image</folder>
	<filename>66450151.jpg</filename>
	<path>E:\wasin\wasin\python\wasin\venv\image\66450151.jpg</path>
	<source>
		<database>Unknown</database>
	</source>
	<size>
		<width>866</width>
		<height>1300</height>
		<depth>3</depth>
	</size>
	<segmented>0</segmented>
	<object>
		<name>crane</name>
		<pose>Unspecified</pose>
		<truncated>0</truncated>
		<difficult>0</difficult>
		<bndbox>
			<xmin>284</xmin>
			<ymin>52</ymin>
			<xmax>671</xmax>
			<ymax>797</ymax>
		</bndbox>
	</object>
</annotation>
