<annotation>
	<folder>image</folder>
	<filename>67451152.jpg</filename>
	<path>E:\wasin\wasin\python\wasin\venv\image\67451152.jpg</path>
	<source>
		<database>Unknown</database>
	</source>
	<size>
		<width>1300</width>
		<height>866</height>
		<depth>3</depth>
	</size>
	<segmented>0</segmented>
	<object>
		<name>backhoe</name>
		<pose>Unspecified</pose>
		<truncated>0</truncated>
		<difficult>0</difficult>
		<bndbox>
			<xmin>133</xmin>
			<ymin>148</ymin>
			<xmax>878</xmax>
			<ymax>838</ymax>
		</bndbox>
	</object>
</annotation>
