<annotation>
	<folder>image</folder>
	<filename>68452153.jpg</filename>
	<path>E:\wasin\wasin\python\wasin\venv\image\68452153.jpg</path>
	<source>
		<database>Unknown</database>
	</source>
	<size>
		<width>1300</width>
		<height>866</height>
		<depth>3</depth>
	</size>
	<segmented>0</segmented>
	<object>
		<name>backhoe</name>
		<pose>Unspecified</pose>
		<truncated>0</truncated>
		<difficult>0</difficult>
		<bndbox>
			<xmin>130</xmin>
			<ymin>151</ymin>
			<xmax>883</xmax>
			<ymax>834</ymax>
		</bndbox>
	</object>
</annotation>
