<annotation>
	<folder>image</folder>
	<filename>69453154.jpg</filename>
	<path>E:\wasin\wasin\python\wasin\venv\image\69453154.jpg</path>
	<source>
		<database>Unknown</database>
	</source>
	<size>
		<width>2294</width>
		<height>1524</height>
		<depth>3</depth>
	</size>
	<segmented>0</segmented>
	<object>
		<name>truck</name>
		<pose>Unspecified</pose>
		<truncated>0</truncated>
		<difficult>0</difficult>
		<bndbox>
			<xmin>384</xmin>
			<ymin>220</ymin>
			<xmax>2146</xmax>
			<ymax>1141</ymax>
		</bndbox>
	</object>
</annotation>
