<annotation>
	<folder>image</folder>
	<filename>70455155.jpg</filename>
	<path>E:\wasin\wasin\python\wasin\venv\image\70455155.jpg</path>
	<source>
		<database>Unknown</database>
	</source>
	<size>
		<width>877</width>
		<height>500</height>
		<depth>3</depth>
	</size>
	<segmented>0</segmented>
	<object>
		<name>truck</name>
		<pose>Unspecified</pose>
		<truncated>0</truncated>
		<difficult>0</difficult>
		<bndbox>
			<xmin>150</xmin>
			<ymin>3</ymin>
			<xmax>807</xmax>
			<ymax>439</ymax>
		</bndbox>
	</object>
</annotation>
