<annotation>
	<folder>image</folder>
	<filename>71456156.jpg</filename>
	<path>E:\wasin\wasin\python\wasin\venv\image\71456156.jpg</path>
	<source>
		<database>Unknown</database>
	</source>
	<size>
		<width>1300</width>
		<height>867</height>
		<depth>3</depth>
	</size>
	<segmented>0</segmented>
	<object>
		<name>backhoe</name>
		<pose>Unspecified</pose>
		<truncated>0</truncated>
		<difficult>0</difficult>
		<bndbox>
			<xmin>94</xmin>
			<ymin>90</ymin>
			<xmax>1178</xmax>
			<ymax>741</ymax>
		</bndbox>
	</object>
</annotation>
