<annotation>
	<folder>image</folder>
	<filename>74459159.jpg</filename>
	<path>E:\wasin\wasin\python\wasin\venv\image\74459159.jpg</path>
	<source>
		<database>Unknown</database>
	</source>
	<size>
		<width>1300</width>
		<height>863</height>
		<depth>3</depth>
	</size>
	<segmented>0</segmented>
	<object>
		<name>backhoe</name>
		<pose>Unspecified</pose>
		<truncated>0</truncated>
		<difficult>0</difficult>
		<bndbox>
			<xmin>133</xmin>
			<ymin>77</ymin>
			<xmax>1023</xmax>
			<ymax>751</ymax>
		</bndbox>
	</object>
</annotation>
