<annotation>
	<folder>image</folder>
	<filename>75460161.jpg</filename>
	<path>E:\wasin\wasin\python\wasin\venv\image\75460161.jpg</path>
	<source>
		<database>Unknown</database>
	</source>
	<size>
		<width>1300</width>
		<height>892</height>
		<depth>3</depth>
	</size>
	<segmented>0</segmented>
	<object>
		<name>backhoe</name>
		<pose>Unspecified</pose>
		<truncated>0</truncated>
		<difficult>0</difficult>
		<bndbox>
			<xmin>110</xmin>
			<ymin>19</ymin>
			<xmax>1180</xmax>
			<ymax>865</ymax>
		</bndbox>
	</object>
</annotation>
