<annotation>
	<folder>image</folder>
	<filename>78463164.jpg</filename>
	<path>E:\wasin\wasin\python\wasin\venv\image\78463164.jpg</path>
	<source>
		<database>Unknown</database>
	</source>
	<size>
		<width>1300</width>
		<height>869</height>
		<depth>3</depth>
	</size>
	<segmented>0</segmented>
	<object>
		<name>crane</name>
		<pose>Unspecified</pose>
		<truncated>0</truncated>
		<difficult>0</difficult>
		<bndbox>
			<xmin>204</xmin>
			<ymin>77</ymin>
			<xmax>1031</xmax>
			<ymax>663</ymax>
		</bndbox>
	</object>
</annotation>
