<annotation>
	<folder>image</folder>
	<filename>79464165.jpg</filename>
	<path>E:\wasin\wasin\python\wasin\venv\image\79464165.jpg</path>
	<source>
		<database>Unknown</database>
	</source>
	<size>
		<width>1300</width>
		<height>975</height>
		<depth>3</depth>
	</size>
	<segmented>0</segmented>
	<object>
		<name>crane</name>
		<pose>Unspecified</pose>
		<truncated>0</truncated>
		<difficult>0</difficult>
		<bndbox>
			<xmin>103</xmin>
			<ymin>64</ymin>
			<xmax>1149</xmax>
			<ymax>844</ymax>
		</bndbox>
	</object>
</annotation>
