<annotation>
	<folder>image</folder>
	<filename>81467167.jpg</filename>
	<path>E:\wasin\wasin\python\wasin\venv\image\81467167.jpg</path>
	<source>
		<database>Unknown</database>
	</source>
	<size>
		<width>1500</width>
		<height>1120</height>
		<depth>3</depth>
	</size>
	<segmented>0</segmented>
	<object>
		<name>crane</name>
		<pose>Unspecified</pose>
		<truncated>0</truncated>
		<difficult>0</difficult>
		<bndbox>
			<xmin>607</xmin>
			<ymin>230</ymin>
			<xmax>1058</xmax>
			<ymax>720</ymax>
		</bndbox>
	</object>
</annotation>
