<annotation>
	<folder>image</folder>
	<filename>82468168.jpeg</filename>
	<path>E:\wasin\wasin\python\wasin\venv\image\82468168.jpeg</path>
	<source>
		<database>Unknown</database>
	</source>
	<size>
		<width>1024</width>
		<height>683</height>
		<depth>3</depth>
	</size>
	<segmented>0</segmented>
	<object>
		<name>crane</name>
		<pose>Unspecified</pose>
		<truncated>0</truncated>
		<difficult>0</difficult>
		<bndbox>
			<xmin>326</xmin>
			<ymin>81</ymin>
			<xmax>449</xmax>
			<ymax>627</ymax>
		</bndbox>
	</object>
	<object>
		<name>crane</name>
		<pose>Unspecified</pose>
		<truncated>1</truncated>
		<difficult>0</difficult>
		<bndbox>
			<xmin>484</xmin>
			<ymin>1</ymin>
			<xmax>789</xmax>
			<ymax>626</ymax>
		</bndbox>
	</object>
</annotation>
