<annotation>
	<folder>image</folder>
	<filename>83469169.jpg</filename>
	<path>E:\wasin\wasin\python\wasin\venv\image\83469169.jpg</path>
	<source>
		<database>Unknown</database>
	</source>
	<size>
		<width>2048</width>
		<height>1633</height>
		<depth>3</depth>
	</size>
	<segmented>0</segmented>
	<object>
		<name>crane</name>
		<pose>Unspecified</pose>
		<truncated>0</truncated>
		<difficult>0</difficult>
		<bndbox>
			<xmin>230</xmin>
			<ymin>42</ymin>
			<xmax>1664</xmax>
			<ymax>1496</ymax>
		</bndbox>
	</object>
</annotation>
