<annotation>
	<folder>image</folder>
	<filename>84470170.jpg</filename>
	<path>E:\wasin\wasin\python\wasin\venv\image\84470170.jpg</path>
	<source>
		<database>Unknown</database>
	</source>
	<size>
		<width>2048</width>
		<height>1633</height>
		<depth>3</depth>
	</size>
	<segmented>0</segmented>
	<object>
		<name>crane</name>
		<pose>Unspecified</pose>
		<truncated>0</truncated>
		<difficult>0</difficult>
		<bndbox>
			<xmin>823</xmin>
			<ymin>799</ymin>
			<xmax>1047</xmax>
			<ymax>1502</ymax>
		</bndbox>
	</object>
	<object>
		<name>crane</name>
		<pose>Unspecified</pose>
		<truncated>0</truncated>
		<difficult>0</difficult>
		<bndbox>
			<xmin>213</xmin>
			<ymin>51</ymin>
			<xmax>1708</xmax>
			<ymax>1496</ymax>
		</bndbox>
	</object>
</annotation>
