<annotation>
	<folder>image</folder>
	<filename>8465171.jpg</filename>
	<path>E:\wasin\wasin\python\wasin\venv\image\8465171.jpg</path>
	<source>
		<database>Unknown</database>
	</source>
	<size>
		<width>1024</width>
		<height>681</height>
		<depth>3</depth>
	</size>
	<segmented>0</segmented>
	<object>
		<name>truck</name>
		<pose>Unspecified</pose>
		<truncated>0</truncated>
		<difficult>0</difficult>
		<bndbox>
			<xmin>192</xmin>
			<ymin>193</ymin>
			<xmax>847</xmax>
			<ymax>619</ymax>
		</bndbox>
	</object>
</annotation>
