<annotation>
	<folder>image</folder>
	<filename>85471172.jpg</filename>
	<path>E:\wasin\wasin\python\wasin\venv\image\85471172.jpg</path>
	<source>
		<database>Unknown</database>
	</source>
	<size>
		<width>1280</width>
		<height>720</height>
		<depth>3</depth>
	</size>
	<segmented>0</segmented>
	<object>
		<name>backhoe</name>
		<pose>Unspecified</pose>
		<truncated>0</truncated>
		<difficult>0</difficult>
		<bndbox>
			<xmin>200</xmin>
			<ymin>183</ymin>
			<xmax>387</xmax>
			<ymax>645</ymax>
		</bndbox>
	</object>
	<object>
		<name>backhoe</name>
		<pose>Unspecified</pose>
		<truncated>0</truncated>
		<difficult>0</difficult>
		<bndbox>
			<xmin>393</xmin>
			<ymin>209</ymin>
			<xmax>816</xmax>
			<ymax>673</ymax>
		</bndbox>
	</object>
	<object>
		<name>backhoe</name>
		<pose>Unspecified</pose>
		<truncated>1</truncated>
		<difficult>0</difficult>
		<bndbox>
			<xmin>879</xmin>
			<ymin>129</ymin>
			<xmax>1280</xmax>
			<ymax>634</ymax>
		</bndbox>
	</object>
</annotation>
