<annotation>
	<folder>image</folder>
	<filename>86472173.jpg</filename>
	<path>E:\wasin\wasin\python\wasin\venv\image\86472173.jpg</path>
	<source>
		<database>Unknown</database>
	</source>
	<size>
		<width>1024</width>
		<height>768</height>
		<depth>3</depth>
	</size>
	<segmented>0</segmented>
	<object>
		<name>truck</name>
		<pose>Unspecified</pose>
		<truncated>0</truncated>
		<difficult>0</difficult>
		<bndbox>
			<xmin>56</xmin>
			<ymin>176</ymin>
			<xmax>929</xmax>
			<ymax>670</ymax>
		</bndbox>
	</object>
</annotation>
