<annotation>
	<folder>image</folder>
	<filename>88474175.jpg</filename>
	<path>E:\wasin\wasin\python\wasin\venv\image\88474175.jpg</path>
	<source>
		<database>Unknown</database>
	</source>
	<size>
		<width>660</width>
		<height>371</height>
		<depth>3</depth>
	</size>
	<segmented>0</segmented>
	<object>
		<name>backhoe</name>
		<pose>Unspecified</pose>
		<truncated>1</truncated>
		<difficult>0</difficult>
		<bndbox>
			<xmin>61</xmin>
			<ymin>1</ymin>
			<xmax>594</xmax>
			<ymax>368</ymax>
		</bndbox>
	</object>
</annotation>
