<annotation>
	<folder>image</folder>
	<filename>89475176.jpg</filename>
	<path>E:\wasin\wasin\python\wasin\venv\image\89475176.jpg</path>
	<source>
		<database>Unknown</database>
	</source>
	<size>
		<width>640</width>
		<height>480</height>
		<depth>3</depth>
	</size>
	<segmented>0</segmented>
	<object>
		<name>backhoe</name>
		<pose>Unspecified</pose>
		<truncated>0</truncated>
		<difficult>0</difficult>
		<bndbox>
			<xmin>54</xmin>
			<ymin>8</ymin>
			<xmax>603</xmax>
			<ymax>479</ymax>
		</bndbox>
	</object>
</annotation>
