<annotation>
	<folder>image</folder>
	<filename>90477177.jpg</filename>
	<path>E:\wasin\wasin\python\wasin\venv\image\90477177.jpg</path>
	<source>
		<database>Unknown</database>
	</source>
	<size>
		<width>660</width>
		<height>371</height>
		<depth>3</depth>
	</size>
	<segmented>0</segmented>
	<object>
		<name>truck</name>
		<pose>Unspecified</pose>
		<truncated>1</truncated>
		<difficult>0</difficult>
		<bndbox>
			<xmin>55</xmin>
			<ymin>1</ymin>
			<xmax>652</xmax>
			<ymax>371</ymax>
		</bndbox>
	</object>
</annotation>
