<annotation>
	<folder>image</folder>
	<filename>91478178.jpg</filename>
	<path>E:\wasin\wasin\python\wasin\venv\image\91478178.jpg</path>
	<source>
		<database>Unknown</database>
	</source>
	<size>
		<width>1024</width>
		<height>681</height>
		<depth>3</depth>
	</size>
	<segmented>0</segmented>
	<object>
		<name>truck</name>
		<pose>Unspecified</pose>
		<truncated>0</truncated>
		<difficult>0</difficult>
		<bndbox>
			<xmin>74</xmin>
			<ymin>100</ymin>
			<xmax>961</xmax>
			<ymax>654</ymax>
		</bndbox>
	</object>
</annotation>
