<annotation>
	<folder>image</folder>
	<filename>92479179.jpg</filename>
	<path>E:\wasin\wasin\python\wasin\venv\image\92479179.jpg</path>
	<source>
		<database>Unknown</database>
	</source>
	<size>
		<width>238</width>
		<height>178</height>
		<depth>3</depth>
	</size>
	<segmented>0</segmented>
	<object>
		<name>backhoe</name>
		<pose>Unspecified</pose>
		<truncated>0</truncated>
		<difficult>0</difficult>
		<bndbox>
			<xmin>10</xmin>
			<ymin>33</ymin>
			<xmax>231</xmax>
			<ymax>163</ymax>
		</bndbox>
	</object>
</annotation>
