<annotation>
	<folder>image</folder>
	<filename>9476182.jpg</filename>
	<path>E:\wasin\wasin\python\wasin\venv\image\9476182.jpg</path>
	<source>
		<database>Unknown</database>
	</source>
	<size>
		<width>1200</width>
		<height>1600</height>
		<depth>3</depth>
	</size>
	<segmented>0</segmented>
	<object>
		<name>crane</name>
		<pose>Unspecified</pose>
		<truncated>0</truncated>
		<difficult>0</difficult>
		<bndbox>
			<xmin>434</xmin>
			<ymin>294</ymin>
			<xmax>953</xmax>
			<ymax>1447</ymax>
		</bndbox>
	</object>
</annotation>
