<annotation>
	<folder>image</folder>
	<filename>97484185.jpg</filename>
	<path>E:\wasin\wasin\python\wasin\venv\image\97484185.jpg</path>
	<source>
		<database>Unknown</database>
	</source>
	<size>
		<width>500</width>
		<height>233</height>
		<depth>3</depth>
	</size>
	<segmented>0</segmented>
	<object>
		<name>crane</name>
		<pose>Unspecified</pose>
		<truncated>0</truncated>
		<difficult>0</difficult>
		<bndbox>
			<xmin>95</xmin>
			<ymin>37</ymin>
			<xmax>434</xmax>
			<ymax>230</ymax>
		</bndbox>
	</object>
</annotation>
