<annotation>
	<folder>image</folder>
	<filename>98485186.jpg</filename>
	<path>E:\wasin\wasin\python\wasin\venv\image\98485186.jpg</path>
	<source>
		<database>Unknown</database>
	</source>
	<size>
		<width>500</width>
		<height>233</height>
		<depth>3</depth>
	</size>
	<segmented>0</segmented>
	<object>
		<name>crane</name>
		<pose>Unspecified</pose>
		<truncated>0</truncated>
		<difficult>0</difficult>
		<bndbox>
			<xmin>73</xmin>
			<ymin>52</ymin>
			<xmax>402</xmax>
			<ymax>224</ymax>
		</bndbox>
	</object>
</annotation>
