<annotation>
	<folder>image</folder>
	<filename>99486187.jpg</filename>
	<path>E:\wasin\wasin\python\wasin\venv\image\99486187.jpg</path>
	<source>
		<database>Unknown</database>
	</source>
	<size>
		<width>650</width>
		<height>569</height>
		<depth>3</depth>
	</size>
	<segmented>0</segmented>
	<object>
		<name>crane</name>
		<pose>Unspecified</pose>
		<truncated>0</truncated>
		<difficult>0</difficult>
		<bndbox>
			<xmin>32</xmin>
			<ymin>41</ymin>
			<xmax>602</xmax>
			<ymax>355</ymax>
		</bndbox>
	</object>
	<object>
		<name>truck</name>
		<pose>Unspecified</pose>
		<truncated>0</truncated>
		<difficult>0</difficult>
		<bndbox>
			<xmin>37</xmin>
			<ymin>303</ymin>
			<xmax>591</xmax>
			<ymax>515</ymax>
		</bndbox>
	</object>
</annotation>
