<annotation>
	<folder>image</folder>
	<filename>how-hydraulic-truck-cranes-work487188.png</filename>
	<path>E:\wasin\wasin\python\wasin\venv\image\how-hydraulic-truck-cranes-work487188.png</path>
	<source>
		<database>Unknown</database>
	</source>
	<size>
		<width>450</width>
		<height>338</height>
		<depth>3</depth>
	</size>
	<segmented>0</segmented>
	<object>
		<name>crane</name>
		<pose>Unspecified</pose>
		<truncated>0</truncated>
		<difficult>0</difficult>
		<bndbox>
			<xmin>14</xmin>
			<ymin>11</ymin>
			<xmax>440</xmax>
			<ymax>323</ymax>
		</bndbox>
	</object>
</annotation>
