<annotation>
	<folder>image</folder>
	<filename>howo-sinotruk-howo-6x4-dump-tr,e971441e488189.jpg</filename>
	<path>E:\wasin\wasin\python\wasin\venv\image\howo-sinotruk-howo-6x4-dump-tr,e971441e488189.jpg</path>
	<source>
		<database>Unknown</database>
	</source>
	<size>
		<width>1000</width>
		<height>750</height>
		<depth>3</depth>
	</size>
	<segmented>0</segmented>
	<object>
		<name>truck</name>
		<pose>Unspecified</pose>
		<truncated>0</truncated>
		<difficult>0</difficult>
		<bndbox>
			<xmin>134</xmin>
			<ymin>83</ymin>
			<xmax>846</xmax>
			<ymax>718</ymax>
		</bndbox>
	</object>
</annotation>
