<annotation>
	<folder>image</folder>
	<filename>hqdefault489190.jpg</filename>
	<path>E:\wasin\wasin\python\wasin\venv\image\hqdefault489190.jpg</path>
	<source>
		<database>Unknown</database>
	</source>
	<size>
		<width>480</width>
		<height>360</height>
		<depth>3</depth>
	</size>
	<segmented>0</segmented>
	<object>
		<name>backhoe</name>
		<pose>Unspecified</pose>
		<truncated>1</truncated>
		<difficult>0</difficult>
		<bndbox>
			<xmin>13</xmin>
			<ymin>1</ymin>
			<xmax>450</xmax>
			<ymax>345</ymax>
		</bndbox>
	</object>
</annotation>
