<annotation>
	<folder>image</folder>
	<filename>htb1rvnsofxxxxasafxxq6xxfxxxx494195.jpg</filename>
	<path>E:\wasin\wasin\python\wasin\venv\image\htb1rvnsofxxxxasafxxq6xxfxxxx494195.jpg</path>
	<source>
		<database>Unknown</database>
	</source>
	<size>
		<width>644</width>
		<height>544</height>
		<depth>3</depth>
	</size>
	<segmented>0</segmented>
	<object>
		<name>truck</name>
		<pose>Unspecified</pose>
		<truncated>0</truncated>
		<difficult>0</difficult>
		<bndbox>
			<xmin>26</xmin>
			<ymin>70</ymin>
			<xmax>636</xmax>
			<ymax>524</ymax>
		</bndbox>
	</object>
</annotation>
