<annotation>
	<folder>image</folder>
	<filename>htb10amwsfxxxxbixxxxq6xxfxxxl490191.jpg</filename>
	<path>E:\wasin\wasin\python\wasin\venv\image\htb10amwsfxxxxbixxxxq6xxfxxxl490191.jpg</path>
	<source>
		<database>Unknown</database>
	</source>
	<size>
		<width>750</width>
		<height>750</height>
		<depth>3</depth>
	</size>
	<segmented>0</segmented>
	<object>
		<name>truck</name>
		<pose>Unspecified</pose>
		<truncated>0</truncated>
		<difficult>0</difficult>
		<bndbox>
			<xmin>11</xmin>
			<ymin>181</ymin>
			<xmax>724</xmax>
			<ymax>580</ymax>
		</bndbox>
	</object>
</annotation>
