<annotation>
	<folder>image</folder>
	<filename>htb11zsofvxxxxa_xvxxq6xxfxxxx491192.jpg</filename>
	<path>E:\wasin\wasin\python\wasin\venv\image\htb11zsofvxxxxa_xvxxq6xxfxxxx491192.jpg</path>
	<source>
		<database>Unknown</database>
	</source>
	<size>
		<width>660</width>
		<height>660</height>
		<depth>3</depth>
	</size>
	<segmented>0</segmented>
	<object>
		<name>crane</name>
		<pose>Unspecified</pose>
		<truncated>0</truncated>
		<difficult>0</difficult>
		<bndbox>
			<xmin>160</xmin>
			<ymin>51</ymin>
			<xmax>631</xmax>
			<ymax>299</ymax>
		</bndbox>
	</object>
	<object>
		<name>truck</name>
		<pose>Unspecified</pose>
		<truncated>0</truncated>
		<difficult>0</difficult>
		<bndbox>
			<xmin>3</xmin>
			<ymin>293</ymin>
			<xmax>587</xmax>
			<ymax>574</ymax>
		</bndbox>
	</object>
</annotation>
