<annotation>
	<folder>image</folder>
	<filename>htb1dinhoxxxxxbpxvxxq6xxfxxx6492193.jpg</filename>
	<path>E:\wasin\wasin\python\wasin\venv\image\htb1dinhoxxxxxbpxvxxq6xxfxxx6492193.jpg</path>
	<source>
		<database>Unknown</database>
	</source>
	<size>
		<width>800</width>
		<height>533</height>
		<depth>3</depth>
	</size>
	<segmented>0</segmented>
	<object>
		<name>truck</name>
		<pose>Unspecified</pose>
		<truncated>0</truncated>
		<difficult>0</difficult>
		<bndbox>
			<xmin>96</xmin>
			<ymin>51</ymin>
			<xmax>725</xmax>
			<ymax>489</ymax>
		</bndbox>
	</object>
</annotation>
