<annotation>
	<folder>image</folder>
	<filename>huge-mobile-crane-working-on-a-building-site-in-england-bmj2wd496197.jpg</filename>
	<path>E:\wasin\wasin\python\wasin\venv\image\huge-mobile-crane-working-on-a-building-site-in-england-bmj2wd496197.jpg</path>
	<source>
		<database>Unknown</database>
	</source>
	<size>
		<width>1300</width>
		<height>956</height>
		<depth>3</depth>
	</size>
	<segmented>0</segmented>
	<object>
		<name>crane</name>
		<pose>Unspecified</pose>
		<truncated>0</truncated>
		<difficult>0</difficult>
		<bndbox>
			<xmin>281</xmin>
			<ymin>85</ymin>
			<xmax>882</xmax>
			<ymax>776</ymax>
		</bndbox>
	</object>
</annotation>
