<annotation>
	<folder>image</folder>
	<filename>hydraulic-excavator-side-view-clipping-path-47941408497198.jpg</filename>
	<path>E:\wasin\wasin\python\wasin\venv\image\hydraulic-excavator-side-view-clipping-path-47941408497198.jpg</path>
	<source>
		<database>Unknown</database>
	</source>
	<size>
		<width>1300</width>
		<height>925</height>
		<depth>3</depth>
	</size>
	<segmented>0</segmented>
	<object>
		<name>backhoe</name>
		<pose>Unspecified</pose>
		<truncated>0</truncated>
		<difficult>0</difficult>
		<bndbox>
			<xmin>70</xmin>
			<ymin>66</ymin>
			<xmax>1215</xmax>
			<ymax>770</ymax>
		</bndbox>
	</object>
</annotation>
