<annotation>
	<folder>image</folder>
	<filename>hydraulic_truck_cranes_for_rent498199.jpg</filename>
	<path>E:\wasin\wasin\python\wasin\venv\image\hydraulic_truck_cranes_for_rent498199.jpg</path>
	<source>
		<database>Unknown</database>
	</source>
	<size>
		<width>750</width>
		<height>375</height>
		<depth>3</depth>
	</size>
	<segmented>0</segmented>
	<object>
		<name>crane</name>
		<pose>Unspecified</pose>
		<truncated>0</truncated>
		<difficult>0</difficult>
		<bndbox>
			<xmin>118</xmin>
			<ymin>2</ymin>
			<xmax>575</xmax>
			<ymax>370</ymax>
		</bndbox>
	</object>
</annotation>
