<annotation>
	<folder>image</folder>
	<filename>images-(1)501202.jpg</filename>
	<path>E:\wasin\wasin\python\wasin\venv\image\images-(1)501202.jpg</path>
	<source>
		<database>Unknown</database>
	</source>
	<size>
		<width>270</width>
		<height>187</height>
		<depth>3</depth>
	</size>
	<segmented>0</segmented>
	<object>
		<name>backhoe</name>
		<pose>Unspecified</pose>
		<truncated>0</truncated>
		<difficult>0</difficult>
		<bndbox>
			<xmin>38</xmin>
			<ymin>14</ymin>
			<xmax>226</xmax>
			<ymax>177</ymax>
		</bndbox>
	</object>
</annotation>
