<annotation>
	<folder>image</folder>
	<filename>images-(2)502203.jpg</filename>
	<path>E:\wasin\wasin\python\wasin\venv\image\images-(2)502203.jpg</path>
	<source>
		<database>Unknown</database>
	</source>
	<size>
		<width>299</width>
		<height>168</height>
		<depth>3</depth>
	</size>
	<segmented>0</segmented>
	<object>
		<name>truck</name>
		<pose>Unspecified</pose>
		<truncated>0</truncated>
		<difficult>0</difficult>
		<bndbox>
			<xmin>45</xmin>
			<ymin>24</ymin>
			<xmax>214</xmax>
			<ymax>161</ymax>
		</bndbox>
	</object>
</annotation>
