<annotation>
	<folder>image</folder>
	<filename>images-(4)504205.jpg</filename>
	<path>E:\wasin\wasin\python\wasin\venv\image\images-(4)504205.jpg</path>
	<source>
		<database>Unknown</database>
	</source>
	<size>
		<width>276</width>
		<height>183</height>
		<depth>3</depth>
	</size>
	<segmented>0</segmented>
	<object>
		<name>truck</name>
		<pose>Unspecified</pose>
		<truncated>0</truncated>
		<difficult>0</difficult>
		<bndbox>
			<xmin>30</xmin>
			<ymin>20</ymin>
			<xmax>237</xmax>
			<ymax>176</ymax>
		</bndbox>
	</object>
</annotation>
