<annotation>
	<folder>image</folder>
	<filename>images-(5)505206.jpg</filename>
	<path>E:\wasin\wasin\python\wasin\venv\image\images-(5)505206.jpg</path>
	<source>
		<database>Unknown</database>
	</source>
	<size>
		<width>259</width>
		<height>194</height>
		<depth>3</depth>
	</size>
	<segmented>0</segmented>
	<object>
		<name>truck</name>
		<pose>Unspecified</pose>
		<truncated>1</truncated>
		<difficult>0</difficult>
		<bndbox>
			<xmin>2</xmin>
			<ymin>1</ymin>
			<xmax>251</xmax>
			<ymax>183</ymax>
		</bndbox>
	</object>
</annotation>
