<annotation>
	<folder>image</folder>
	<filename>images-(7)507208.jpg</filename>
	<path>E:\wasin\wasin\python\wasin\venv\image\images-(7)507208.jpg</path>
	<source>
		<database>Unknown</database>
	</source>
	<size>
		<width>300</width>
		<height>168</height>
		<depth>3</depth>
	</size>
	<segmented>0</segmented>
	<object>
		<name>crane</name>
		<pose>Unspecified</pose>
		<truncated>0</truncated>
		<difficult>0</difficult>
		<bndbox>
			<xmin>155</xmin>
			<ymin>2</ymin>
			<xmax>286</xmax>
			<ymax>162</ymax>
		</bndbox>
	</object>
</annotation>
