<annotation>
	<folder>image</folder>
	<filename>image500201.jpg</filename>
	<path>E:\wasin\wasin\python\wasin\venv\image\image500201.jpg</path>
	<source>
		<database>Unknown</database>
	</source>
	<size>
		<width>480</width>
		<height>360</height>
		<depth>3</depth>
	</size>
	<segmented>0</segmented>
	<object>
		<name>backhoe</name>
		<pose>Unspecified</pose>
		<truncated>0</truncated>
		<difficult>0</difficult>
		<bndbox>
			<xmin>120</xmin>
			<ymin>4</ymin>
			<xmax>433</xmax>
			<ymax>219</ymax>
		</bndbox>
	</object>
	<object>
		<name>truck</name>
		<pose>Unspecified</pose>
		<truncated>1</truncated>
		<difficult>0</difficult>
		<bndbox>
			<xmin>1</xmin>
			<ymin>145</ymin>
			<xmax>211</xmax>
			<ymax>275</ymax>
		</bndbox>
	</object>
</annotation>
