<annotation>
	<folder>image</folder>
	<filename>images-(6)506207.jpg</filename>
	<path>E:\wasin\wasin\python\wasin\venv\image\images-(6)506207.jpg</path>
	<source>
		<database>Unknown</database>
	</source>
	<size>
		<width>277</width>
		<height>182</height>
		<depth>3</depth>
	</size>
	<segmented>0</segmented>
	<object>
		<name>crane</name>
		<pose>Unspecified</pose>
		<truncated>0</truncated>
		<difficult>0</difficult>
		<bndbox>
			<xmin>30</xmin>
			<ymin>7</ymin>
			<xmax>199</xmax>
			<ymax>93</ymax>
		</bndbox>
	</object>
	<object>
		<name>truck</name>
		<pose>Unspecified</pose>
		<truncated>0</truncated>
		<difficult>0</difficult>
		<bndbox>
			<xmin>14</xmin>
			<ymin>99</ymin>
			<xmax>271</xmax>
			<ymax>172</ymax>
		</bndbox>
	</object>
</annotation>
