<annotation>
	<folder>image</folder>
	<filename>images-(3)503204.jpg</filename>
	<path>E:\wasin\wasin\python\wasin\venv\image\images-(3)503204.jpg</path>
	<source>
		<database>Unknown</database>
	</source>
	<size>
		<width>281</width>
		<height>180</height>
		<depth>3</depth>
	</size>
	<segmented>0</segmented>
	<object>
		<name>truck</name>
		<pose>Unspecified</pose>
		<truncated>0</truncated>
		<difficult>0</difficult>
		<bndbox>
			<xmin>23</xmin>
			<ymin>34</ymin>
			<xmax>272</xmax>
			<ymax>176</ymax>
		</bndbox>
	</object>
</annotation>
