<annotation>
	<folder>image</folder>
	<filename>img_8254513214.jpg</filename>
	<path>E:\wasin\wasin\python\wasin\venv\image\img_8254513214.jpg</path>
	<source>
		<database>Unknown</database>
	</source>
	<size>
		<width>600</width>
		<height>352</height>
		<depth>3</depth>
	</size>
	<segmented>0</segmented>
	<object>
		<name>backhoe</name>
		<pose>Unspecified</pose>
		<truncated>0</truncated>
		<difficult>0</difficult>
		<bndbox>
			<xmin>11</xmin>
			<ymin>4</ymin>
			<xmax>568</xmax>
			<ymax>338</ymax>
		</bndbox>
	</object>
</annotation>
