<annotation>
	<folder>image</folder>
	<filename>img_7084512213.jpg</filename>
	<path>E:\wasin\wasin\python\wasin\venv\image\img_7084512213.jpg</path>
	<source>
		<database>Unknown</database>
	</source>
	<size>
		<width>600</width>
		<height>372</height>
		<depth>3</depth>
	</size>
	<segmented>0</segmented>
	<object>
		<name>backhoe</name>
		<pose>Unspecified</pose>
		<truncated>0</truncated>
		<difficult>0</difficult>
		<bndbox>
			<xmin>10</xmin>
			<ymin>4</ymin>
			<xmax>581</xmax>
			<ymax>353</ymax>
		</bndbox>
	</object>
</annotation>
