<annotation>
	<folder>image</folder>
	<filename>img_3397510211.jpg</filename>
	<path>E:\wasin\wasin\python\wasin\venv\image\img_3397510211.jpg</path>
	<source>
		<database>Unknown</database>
	</source>
	<size>
		<width>600</width>
		<height>386</height>
		<depth>3</depth>
	</size>
	<segmented>0</segmented>
	<object>
		<name>backhoe</name>
		<pose>Unspecified</pose>
		<truncated>0</truncated>
		<difficult>0</difficult>
		<bndbox>
			<xmin>21</xmin>
			<ymin>11</ymin>
			<xmax>591</xmax>
			<ymax>376</ymax>
		</bndbox>
	</object>
</annotation>
