<annotation>
	<folder>image</folder>
	<filename>img_1136509210.jpg</filename>
	<path>E:\wasin\wasin\python\wasin\venv\image\img_1136509210.jpg</path>
	<source>
		<database>Unknown</database>
	</source>
	<size>
		<width>623</width>
		<height>357</height>
		<depth>3</depth>
	</size>
	<segmented>0</segmented>
	<object>
		<name>backhoe</name>
		<pose>Unspecified</pose>
		<truncated>0</truncated>
		<difficult>0</difficult>
		<bndbox>
			<xmin>12</xmin>
			<ymin>7</ymin>
			<xmax>615</xmax>
			<ymax>333</ymax>
		</bndbox>
	</object>
</annotation>
