<annotation>
	<folder>image</folder>
	<filename>jcb_3cx_backhoe_loader514215.jpg</filename>
	<path>E:\wasin\wasin\python\wasin\venv\image\jcb_3cx_backhoe_loader514215.jpg</path>
	<source>
		<database>Unknown</database>
	</source>
	<size>
		<width>1600</width>
		<height>1063</height>
		<depth>3</depth>
	</size>
	<segmented>0</segmented>
	<object>
		<name>backhoe</name>
		<pose>Unspecified</pose>
		<truncated>0</truncated>
		<difficult>0</difficult>
		<bndbox>
			<xmin>110</xmin>
			<ymin>74</ymin>
			<xmax>1184</xmax>
			<ymax>917</ymax>
		</bndbox>
	</object>
</annotation>
