<annotation>
	<folder>image</folder>
	<filename>jcb__8040_zts_2009_1_lgw515216.jpg</filename>
	<path>E:\wasin\wasin\python\wasin\venv\image\jcb__8040_zts_2009_1_lgw515216.jpg</path>
	<source>
		<database>Unknown</database>
	</source>
	<size>
		<width>640</width>
		<height>480</height>
		<depth>3</depth>
	</size>
	<segmented>0</segmented>
	<object>
		<name>backhoe</name>
		<pose>Unspecified</pose>
		<truncated>0</truncated>
		<difficult>0</difficult>
		<bndbox>
			<xmin>26</xmin>
			<ymin>44</ymin>
			<xmax>639</xmax>
			<ymax>468</ymax>
		</bndbox>
	</object>
</annotation>
