<annotation>
	<folder>image</folder>
	<filename>js130516217.jpg</filename>
	<path>E:\wasin\wasin\python\wasin\venv\image\js130516217.jpg</path>
	<source>
		<database>Unknown</database>
	</source>
	<size>
		<width>3700</width>
		<height>2694</height>
		<depth>3</depth>
	</size>
	<segmented>0</segmented>
	<object>
		<name>backhoe</name>
		<pose>Unspecified</pose>
		<truncated>0</truncated>
		<difficult>0</difficult>
		<bndbox>
			<xmin>71</xmin>
			<ymin>78</ymin>
			<xmax>3685</xmax>
			<ymax>2589</ymax>
		</bndbox>
	</object>
</annotation>
