<annotation>
	<folder>image</folder>
	<filename>keystone-xl-pipeline-1517218.jpg</filename>
	<path>E:\wasin\wasin\python\wasin\venv\image\keystone-xl-pipeline-1517218.jpg</path>
	<source>
		<database>Unknown</database>
	</source>
	<size>
		<width>1024</width>
		<height>768</height>
		<depth>3</depth>
	</size>
	<segmented>0</segmented>
	<object>
		<name>crane</name>
		<pose>Unspecified</pose>
		<truncated>1</truncated>
		<difficult>0</difficult>
		<bndbox>
			<xmin>58</xmin>
			<ymin>1</ymin>
			<xmax>482</xmax>
			<ymax>706</ymax>
		</bndbox>
	</object>
	<object>
		<name>crane</name>
		<pose>Unspecified</pose>
		<truncated>0</truncated>
		<difficult>0</difficult>
		<bndbox>
			<xmin>454</xmin>
			<ymin>169</ymin>
			<xmax>678</xmax>
			<ymax>683</ymax>
		</bndbox>
	</object>
	<object>
		<name>crane</name>
		<pose>Unspecified</pose>
		<truncated>0</truncated>
		<difficult>0</difficult>
		<bndbox>
			<xmin>620</xmin>
			<ymin>293</ymin>
			<xmax>785</xmax>
			<ymax>669</ymax>
		</bndbox>
	</object>
	<object>
		<name>crane</name>
		<pose>Unspecified</pose>
		<truncated>0</truncated>
		<difficult>0</difficult>
		<bndbox>
			<xmin>758</xmin>
			<ymin>390</ymin>
			<xmax>848</xmax>
			<ymax>654</ymax>
		</bndbox>
	</object>
	<object>
		<name>crane</name>
		<pose>Unspecified</pose>
		<truncated>0</truncated>
		<difficult>0</difficult>
		<bndbox>
			<xmin>829</xmin>
			<ymin>499</ymin>
			<xmax>888</xmax>
			<ymax>652</ymax>
		</bndbox>
	</object>
	<object>
		<name>crane</name>
		<pose>Unspecified</pose>
		<truncated>0</truncated>
		<difficult>0</difficult>
		<bndbox>
			<xmin>856</xmin>
			<ymin>544</ymin>
			<xmax>917</xmax>
			<ymax>651</ymax>
		</bndbox>
	</object>
</annotation>
