<annotation>
	<folder>image</folder>
	<filename>lg6365h-well-design-chineese-mini-excavator-for522223.jpg</filename>
	<path>E:\wasin\wasin\python\wasin\venv\image\lg6365h-well-design-chineese-mini-excavator-for522223.jpg</path>
	<source>
		<database>Unknown</database>
	</source>
	<size>
		<width>360</width>
		<height>320</height>
		<depth>3</depth>
	</size>
	<segmented>0</segmented>
	<object>
		<name>backhoe</name>
		<pose>Unspecified</pose>
		<truncated>1</truncated>
		<difficult>0</difficult>
		<bndbox>
			<xmin>1</xmin>
			<ymin>1</ymin>
			<xmax>347</xmax>
			<ymax>302</ymax>
		</bndbox>
	</object>
</annotation>
