<annotation>
	<folder>image</folder>
	<filename>liebherr525226.jpg</filename>
	<path>E:\wasin\wasin\python\wasin\venv\image\liebherr525226.jpg</path>
	<source>
		<database>Unknown</database>
	</source>
	<size>
		<width>709</width>
		<height>538</height>
		<depth>3</depth>
	</size>
	<segmented>0</segmented>
	<object>
		<name>truck</name>
		<pose>Unspecified</pose>
		<truncated>0</truncated>
		<difficult>0</difficult>
		<bndbox>
			<xmin>38</xmin>
			<ymin>230</ymin>
			<xmax>373</xmax>
			<ymax>501</ymax>
		</bndbox>
	</object>
	<object>
		<name>backhoe</name>
		<pose>Unspecified</pose>
		<truncated>0</truncated>
		<difficult>0</difficult>
		<bndbox>
			<xmin>168</xmin>
			<ymin>9</ymin>
			<xmax>669</xmax>
			<ymax>523</ymax>
		</bndbox>
	</object>
</annotation>
