<annotation>
	<folder>image</folder>
	<filename>lkw_kipper_dscf6469_(crop)526227.jpg</filename>
	<path>E:\wasin\wasin\python\wasin\venv\image\lkw_kipper_dscf6469_(crop)526227.jpg</path>
	<source>
		<database>Unknown</database>
	</source>
	<size>
		<width>220</width>
		<height>143</height>
		<depth>3</depth>
	</size>
	<segmented>0</segmented>
	<object>
		<name>truck</name>
		<pose>Unspecified</pose>
		<truncated>0</truncated>
		<difficult>0</difficult>
		<bndbox>
			<xmin>18</xmin>
			<ymin>14</ymin>
			<xmax>197</xmax>
			<ymax>125</ymax>
		</bndbox>
	</object>
</annotation>
