<annotation>
	<folder>image</folder>
	<filename>lm527228.jpg</filename>
	<path>E:\wasin\wasin\python\wasin\venv\image\lm527228.jpg</path>
	<source>
		<database>Unknown</database>
	</source>
	<size>
		<width>640</width>
		<height>480</height>
		<depth>3</depth>
	</size>
	<segmented>0</segmented>
	<object>
		<name>truck</name>
		<pose>Unspecified</pose>
		<truncated>0</truncated>
		<difficult>0</difficult>
		<bndbox>
			<xmin>112</xmin>
			<ymin>63</ymin>
			<xmax>529</xmax>
			<ymax>420</ymax>
		</bndbox>
	</object>
	<object>
		<name>truck</name>
		<pose>Unspecified</pose>
		<truncated>1</truncated>
		<difficult>0</difficult>
		<bndbox>
			<xmin>523</xmin>
			<ymin>193</ymin>
			<xmax>640</xmax>
			<ymax>331</ymax>
		</bndbox>
	</object>
</annotation>
