<annotation>
	<folder>image</folder>
	<filename>lonking-brand-hydraulic-bucket-excavator-mini-digger528229.jpg</filename>
	<path>E:\wasin\wasin\python\wasin\venv\image\lonking-brand-hydraulic-bucket-excavator-mini-digger528229.jpg</path>
	<source>
		<database>Unknown</database>
	</source>
	<size>
		<width>800</width>
		<height>715</height>
		<depth>3</depth>
	</size>
	<segmented>0</segmented>
	<object>
		<name>backhoe</name>
		<pose>Unspecified</pose>
		<truncated>0</truncated>
		<difficult>0</difficult>
		<bndbox>
			<xmin>28</xmin>
			<ymin>8</ymin>
			<xmax>735</xmax>
			<ymax>690</ymax>
		</bndbox>
	</object>
</annotation>
