<annotation>
	<folder>image</folder>
	<filename>maquinaria-de-obras-mini-excavadora-jcb-8060-1796054z0-00000067530231.jpg</filename>
	<path>E:\wasin\wasin\python\wasin\venv\image\maquinaria-de-obras-mini-excavadora-jcb-8060-1796054z0-00000067530231.jpg</path>
	<source>
		<database>Unknown</database>
	</source>
	<size>
		<width>500</width>
		<height>375</height>
		<depth>3</depth>
	</size>
	<segmented>0</segmented>
	<object>
		<name>backhoe</name>
		<pose>Unspecified</pose>
		<truncated>0</truncated>
		<difficult>0</difficult>
		<bndbox>
			<xmin>3</xmin>
			<ymin>12</ymin>
			<xmax>464</xmax>
			<ymax>353</ymax>
		</bndbox>
	</object>
</annotation>
