<annotation>
	<folder>image</folder>
	<filename>maxresdefault-(13)536237.jpg</filename>
	<path>E:\wasin\wasin\python\wasin\venv\image\maxresdefault-(13)536237.jpg</path>
	<source>
		<database>Unknown</database>
	</source>
	<size>
		<width>1280</width>
		<height>720</height>
		<depth>3</depth>
	</size>
	<segmented>0</segmented>
	<object>
		<name>crane</name>
		<pose>Unspecified</pose>
		<truncated>1</truncated>
		<difficult>0</difficult>
		<bndbox>
			<xmin>3</xmin>
			<ymin>1</ymin>
			<xmax>1127</xmax>
			<ymax>561</ymax>
		</bndbox>
	</object>
</annotation>
