<annotation>
	<folder>image</folder>
	<filename>maxresdefault-(7)542243.jpg</filename>
	<path>E:\wasin\wasin\python\wasin\venv\image\maxresdefault-(7)542243.jpg</path>
	<source>
		<database>Unknown</database>
	</source>
	<size>
		<width>1280</width>
		<height>720</height>
		<depth>3</depth>
	</size>
	<segmented>0</segmented>
	<object>
		<name>truck</name>
		<pose>Unspecified</pose>
		<truncated>1</truncated>
		<difficult>0</difficult>
		<bndbox>
			<xmin>11</xmin>
			<ymin>165</ymin>
			<xmax>1130</xmax>
			<ymax>720</ymax>
		</bndbox>
	</object>
</annotation>
