<annotation>
	<folder>image</folder>
	<filename>maxresdefault-(5)540241.jpg</filename>
	<path>E:\wasin\wasin\python\wasin\venv\image\maxresdefault-(5)540241.jpg</path>
	<source>
		<database>Unknown</database>
	</source>
	<size>
		<width>1280</width>
		<height>720</height>
		<depth>3</depth>
	</size>
	<segmented>0</segmented>
	<object>
		<name>truck</name>
		<pose>Unspecified</pose>
		<truncated>0</truncated>
		<difficult>0</difficult>
		<bndbox>
			<xmin>153</xmin>
			<ymin>221</ymin>
			<xmax>773</xmax>
			<ymax>625</ymax>
		</bndbox>
	</object>
	<object>
		<name>backhoe</name>
		<pose>Unspecified</pose>
		<truncated>1</truncated>
		<difficult>0</difficult>
		<bndbox>
			<xmin>576</xmin>
			<ymin>1</ymin>
			<xmax>849</xmax>
			<ymax>244</ymax>
		</bndbox>
	</object>
</annotation>
