<annotation>
	<folder>image</folder>
	<filename>maxresdefault-(1)532233.jpg</filename>
	<path>E:\wasin\wasin\python\wasin\venv\image\maxresdefault-(1)532233.jpg</path>
	<source>
		<database>Unknown</database>
	</source>
	<size>
		<width>1280</width>
		<height>720</height>
		<depth>3</depth>
	</size>
	<segmented>0</segmented>
	<object>
		<name>backhoe</name>
		<pose>Unspecified</pose>
		<truncated>0</truncated>
		<difficult>0</difficult>
		<bndbox>
			<xmin>60</xmin>
			<ymin>5</ymin>
			<xmax>608</xmax>
			<ymax>441</ymax>
		</bndbox>
	</object>
	<object>
		<name>backhoe</name>
		<pose>Unspecified</pose>
		<truncated>0</truncated>
		<difficult>0</difficult>
		<bndbox>
			<xmin>905</xmin>
			<ymin>141</ymin>
			<xmax>1243</xmax>
			<ymax>622</ymax>
		</bndbox>
	</object>
</annotation>
