<annotation>
	<folder>image</folder>
	<filename>maxresdefault-(9)544245.jpg</filename>
	<path>E:\wasin\wasin\python\wasin\venv\image\maxresdefault-(9)544245.jpg</path>
	<source>
		<database>Unknown</database>
	</source>
	<size>
		<width>1280</width>
		<height>720</height>
		<depth>3</depth>
	</size>
	<segmented>0</segmented>
	<object>
		<name>crane</name>
		<pose>Unspecified</pose>
		<truncated>0</truncated>
		<difficult>0</difficult>
		<bndbox>
			<xmin>167</xmin>
			<ymin>34</ymin>
			<xmax>1071</xmax>
			<ymax>472</ymax>
		</bndbox>
	</object>
	<object>
		<name>truck</name>
		<pose>Unspecified</pose>
		<truncated>0</truncated>
		<difficult>0</difficult>
		<bndbox>
			<xmin>530</xmin>
			<ymin>415</ymin>
			<xmax>1260</xmax>
			<ymax>694</ymax>
		</bndbox>
	</object>
</annotation>
