<annotation>
	<folder>image</folder>
	<filename>maxresdefault-4545246.jpg</filename>
	<path>E:\wasin\wasin\python\wasin\venv\image\maxresdefault-4545246.jpg</path>
	<source>
		<database>Unknown</database>
	</source>
	<size>
		<width>1500</width>
		<height>844</height>
		<depth>3</depth>
	</size>
	<segmented>0</segmented>
	<object>
		<name>crane</name>
		<pose>Unspecified</pose>
		<truncated>0</truncated>
		<difficult>0</difficult>
		<bndbox>
			<xmin>14</xmin>
			<ymin>15</ymin>
			<xmax>1474</xmax>
			<ymax>819</ymax>
		</bndbox>
	</object>
</annotation>
