<annotation>
	<folder>image</folder>
	<filename>maxresdefault-(3)538239.jpg</filename>
	<path>E:\wasin\wasin\python\wasin\venv\image\maxresdefault-(3)538239.jpg</path>
	<source>
		<database>Unknown</database>
	</source>
	<size>
		<width>1280</width>
		<height>720</height>
		<depth>3</depth>
	</size>
	<segmented>0</segmented>
	<object>
		<name>backhoe</name>
		<pose>Unspecified</pose>
		<truncated>0</truncated>
		<difficult>0</difficult>
		<bndbox>
			<xmin>97</xmin>
			<ymin>20</ymin>
			<xmax>1261</xmax>
			<ymax>700</ymax>
		</bndbox>
	</object>
</annotation>
