<annotation>
	<folder>image</folder>
	<filename>maxresdefault-(10)533234.jpg</filename>
	<path>E:\wasin\wasin\python\wasin\venv\image\maxresdefault-(10)533234.jpg</path>
	<source>
		<database>Unknown</database>
	</source>
	<size>
		<width>1280</width>
		<height>720</height>
		<depth>3</depth>
	</size>
	<segmented>0</segmented>
	<object>
		<name>crane</name>
		<pose>Unspecified</pose>
		<truncated>0</truncated>
		<difficult>0</difficult>
		<bndbox>
			<xmin>123</xmin>
			<ymin>51</ymin>
			<xmax>812</xmax>
			<ymax>651</ymax>
		</bndbox>
	</object>
</annotation>
