<annotation>
	<folder>image</folder>
	<filename>maxresdefault-(8)543244.jpg</filename>
	<path>E:\wasin\wasin\python\wasin\venv\image\maxresdefault-(8)543244.jpg</path>
	<source>
		<database>Unknown</database>
	</source>
	<size>
		<width>1280</width>
		<height>720</height>
		<depth>3</depth>
	</size>
	<segmented>0</segmented>
	<object>
		<name>crane</name>
		<pose>Unspecified</pose>
		<truncated>1</truncated>
		<difficult>0</difficult>
		<bndbox>
			<xmin>151</xmin>
			<ymin>1</ymin>
			<xmax>1160</xmax>
			<ymax>687</ymax>
		</bndbox>
	</object>
</annotation>
