<annotation>
	<folder>image</folder>
	<filename>maxresdefault-(2)537238.jpg</filename>
	<path>E:\wasin\wasin\python\wasin\venv\image\maxresdefault-(2)537238.jpg</path>
	<source>
		<database>Unknown</database>
	</source>
	<size>
		<width>1280</width>
		<height>720</height>
		<depth>3</depth>
	</size>
	<segmented>0</segmented>
	<object>
		<name>backhoe</name>
		<pose>Unspecified</pose>
		<truncated>1</truncated>
		<difficult>0</difficult>
		<bndbox>
			<xmin>21</xmin>
			<ymin>1</ymin>
			<xmax>722</xmax>
			<ymax>567</ymax>
		</bndbox>
	</object>
	<object>
		<name>backhoe</name>
		<pose>Unspecified</pose>
		<truncated>0</truncated>
		<difficult>0</difficult>
		<bndbox>
			<xmin>726</xmin>
			<ymin>142</ymin>
			<xmax>1243</xmax>
			<ymax>560</ymax>
		</bndbox>
	</object>
</annotation>
