<annotation>
	<folder>image</folder>
	<filename>mc285_web547248.jpg</filename>
	<path>E:\wasin\wasin\python\wasin\venv\image\mc285_web547248.jpg</path>
	<source>
		<database>Unknown</database>
	</source>
	<size>
		<width>860</width>
		<height>573</height>
		<depth>3</depth>
	</size>
	<segmented>0</segmented>
	<object>
		<name>crane</name>
		<pose>Unspecified</pose>
		<truncated>0</truncated>
		<difficult>0</difficult>
		<bndbox>
			<xmin>134</xmin>
			<ymin>14</ymin>
			<xmax>800</xmax>
			<ymax>494</ymax>
		</bndbox>
	</object>
</annotation>
