<annotation>
	<folder>image</folder>
	<filename>mobile-crane-working-pictures_csp16206980552253.jpg</filename>
	<path>E:\wasin\wasin\python\wasin\venv\image\mobile-crane-working-pictures_csp16206980552253.jpg</path>
	<source>
		<database>Unknown</database>
	</source>
	<size>
		<width>299</width>
		<height>470</height>
		<depth>3</depth>
	</size>
	<segmented>0</segmented>
	<object>
		<name>crane</name>
		<pose>Unspecified</pose>
		<truncated>0</truncated>
		<difficult>0</difficult>
		<bndbox>
			<xmin>17</xmin>
			<ymin>59</ymin>
			<xmax>164</xmax>
			<ymax>400</ymax>
		</bndbox>
	</object>
</annotation>
