<annotation>
	<folder>image</folder>
	<filename>mobile-crane-transportation-to-the-construction-site-part-1551252.png</filename>
	<path>E:\wasin\wasin\python\wasin\venv\image\mobile-crane-transportation-to-the-construction-site-part-1551252.png</path>
	<source>
		<database>Unknown</database>
	</source>
	<size>
		<width>450</width>
		<height>338</height>
		<depth>3</depth>
	</size>
	<segmented>0</segmented>
	<object>
		<name>crane</name>
		<pose>Unspecified</pose>
		<truncated>0</truncated>
		<difficult>0</difficult>
		<bndbox>
			<xmin>55</xmin>
			<ymin>9</ymin>
			<xmax>408</xmax>
			<ymax>280</ymax>
		</bndbox>
	</object>
</annotation>
