<annotation>
	<folder>image</folder>
	<filename>mobile-crane-is-loading-cargo-view-on-construction-site-with-machinery-g1nj2a550251.jpg</filename>
	<path>E:\wasin\wasin\python\wasin\venv\image\mobile-crane-is-loading-cargo-view-on-construction-site-with-machinery-g1nj2a550251.jpg</path>
	<source>
		<database>Unknown</database>
	</source>
	<size>
		<width>1300</width>
		<height>956</height>
		<depth>3</depth>
	</size>
	<segmented>0</segmented>
	<object>
		<name>crane</name>
		<pose>Unspecified</pose>
		<truncated>0</truncated>
		<difficult>0</difficult>
		<bndbox>
			<xmin>104</xmin>
			<ymin>7</ymin>
			<xmax>592</xmax>
			<ymax>827</ymax>
		</bndbox>
	</object>
</annotation>
