<annotation>
	<folder>image</folder>
	<filename>mobile-crane-crane-lain-lain-12538311549250.jpg</filename>
	<path>E:\wasin\wasin\python\wasin\venv\image\mobile-crane-crane-lain-lain-12538311549250.jpg</path>
	<source>
		<database>Unknown</database>
	</source>
	<size>
		<width>667</width>
		<height>500</height>
		<depth>3</depth>
	</size>
	<segmented>0</segmented>
	<object>
		<name>crane</name>
		<pose>Unspecified</pose>
		<truncated>1</truncated>
		<difficult>0</difficult>
		<bndbox>
			<xmin>1</xmin>
			<ymin>1</ymin>
			<xmax>640</xmax>
			<ymax>420</ymax>
		</bndbox>
	</object>
</annotation>
