<annotation>
	<folder>image</folder>
	<filename>ntlcrane940x760555256.png</filename>
	<path>E:\wasin\wasin\python\wasin\venv\image\ntlcrane940x760555256.png</path>
	<source>
		<database>Unknown</database>
	</source>
	<size>
		<width>940</width>
		<height>760</height>
		<depth>3</depth>
	</size>
	<segmented>0</segmented>
	<object>
		<name>crane</name>
		<pose>Unspecified</pose>
		<truncated>0</truncated>
		<difficult>0</difficult>
		<bndbox>
			<xmin>19</xmin>
			<ymin>57</ymin>
			<xmax>911</xmax>
			<ymax>690</ymax>
		</bndbox>
	</object>
</annotation>
