<annotation>
	<folder>image</folder>
	<filename>old-dump-truck-for-sale-history-(1)556257.jpg</filename>
	<path>E:\wasin\wasin\python\wasin\venv\image\old-dump-truck-for-sale-history-(1)556257.jpg</path>
	<source>
		<database>Unknown</database>
	</source>
	<size>
		<width>1000</width>
		<height>500</height>
		<depth>3</depth>
	</size>
	<segmented>0</segmented>
	<object>
		<name>truck</name>
		<pose>Unspecified</pose>
		<truncated>0</truncated>
		<difficult>0</difficult>
		<bndbox>
			<xmin>140</xmin>
			<ymin>12</ymin>
			<xmax>900</xmax>
			<ymax>469</ymax>
		</bndbox>
	</object>
</annotation>
