<annotation>
	<folder>image</folder>
	<filename>old-excavator-backhoe-parking-open-door-side-view-tracked-old-excavator-backhoe-parking-open-door-isolated-117970903558259.jpg</filename>
	<path>E:\wasin\wasin\python\wasin\venv\image\old-excavator-backhoe-parking-open-door-side-view-tracked-old-excavator-backhoe-parking-open-door-isolated-117970903558259.jpg</path>
	<source>
		<database>Unknown</database>
	</source>
	<size>
		<width>1300</width>
		<height>917</height>
		<depth>3</depth>
	</size>
	<segmented>0</segmented>
	<object>
		<name>backhoe</name>
		<pose>Unspecified</pose>
		<truncated>0</truncated>
		<difficult>0</difficult>
		<bndbox>
			<xmin>106</xmin>
			<ymin>127</ymin>
			<xmax>1189</xmax>
			<ymax>689</ymax>
		</bndbox>
	</object>
</annotation>
