<annotation>
	<folder>image</folder>
	<filename>page_boomt560261.jpg</filename>
	<path>E:\wasin\wasin\python\wasin\venv\image\page_boomt560261.jpg</path>
	<source>
		<database>Unknown</database>
	</source>
	<size>
		<width>848</width>
		<height>313</height>
		<depth>3</depth>
	</size>
	<segmented>0</segmented>
	<object>
		<name>truck</name>
		<pose>Unspecified</pose>
		<truncated>1</truncated>
		<difficult>0</difficult>
		<bndbox>
			<xmin>43</xmin>
			<ymin>1</ymin>
			<xmax>569</xmax>
			<ymax>312</ymax>
		</bndbox>
	</object>
</annotation>
