<annotation>
	<folder>image</folder>
	<filename>peo_2561262.jpg</filename>
	<path>E:\wasin\wasin\python\wasin\venv\image\peo_2561262.jpg</path>
	<source>
		<database>Unknown</database>
	</source>
	<size>
		<width>960</width>
		<height>640</height>
		<depth>3</depth>
	</size>
	<segmented>0</segmented>
	<object>
		<name>backhoe</name>
		<pose>Unspecified</pose>
		<truncated>0</truncated>
		<difficult>0</difficult>
		<bndbox>
			<xmin>87</xmin>
			<ymin>110</ymin>
			<xmax>933</xmax>
			<ymax>483</ymax>
		</bndbox>
	</object>
</annotation>
