<annotation>
	<folder>image</folder>
	<filename>peteheavy96562263.jpg</filename>
	<path>E:\wasin\wasin\python\wasin\venv\image\peteheavy96562263.jpg</path>
	<source>
		<database>Unknown</database>
	</source>
	<size>
		<width>2048</width>
		<height>1152</height>
		<depth>3</depth>
	</size>
	<segmented>0</segmented>
	<object>
		<name>truck</name>
		<pose>Unspecified</pose>
		<truncated>0</truncated>
		<difficult>0</difficult>
		<bndbox>
			<xmin>144</xmin>
			<ymin>41</ymin>
			<xmax>1748</xmax>
			<ymax>1075</ymax>
		</bndbox>
	</object>
</annotation>
