<annotation>
	<folder>image</folder>
	<filename>picture-of-excavator-rental-john-deere-245g-lc563264.png</filename>
	<path>E:\wasin\wasin\python\wasin\venv\image\picture-of-excavator-rental-john-deere-245g-lc563264.png</path>
	<source>
		<database>Unknown</database>
	</source>
	<size>
		<width>642</width>
		<height>462</height>
		<depth>3</depth>
	</size>
	<segmented>0</segmented>
	<object>
		<name>backhoe</name>
		<pose>Unspecified</pose>
		<truncated>0</truncated>
		<difficult>0</difficult>
		<bndbox>
			<xmin>11</xmin>
			<ymin>2</ymin>
			<xmax>620</xmax>
			<ymax>447</ymax>
		</bndbox>
	</object>
</annotation>
