<annotation>
	<folder>image</folder>
	<filename>pl11994329-diesel_engine_tri_axle_dump_truck_best_heavy_duty_truck_yellow_color564265.jpg</filename>
	<path>E:\wasin\wasin\python\wasin\venv\image\pl11994329-diesel_engine_tri_axle_dump_truck_best_heavy_duty_truck_yellow_color564265.jpg</path>
	<source>
		<database>Unknown</database>
	</source>
	<size>
		<width>700</width>
		<height>525</height>
		<depth>3</depth>
	</size>
	<segmented>0</segmented>
	<object>
		<name>truck</name>
		<pose>Unspecified</pose>
		<truncated>0</truncated>
		<difficult>0</difficult>
		<bndbox>
			<xmin>119</xmin>
			<ymin>96</ymin>
			<xmax>619</xmax>
			<ymax>455</ymax>
		</bndbox>
	</object>
</annotation>
