<annotation>
	<folder>image</folder>
	<filename>pl1382255-high_auality_12t_telescopic_truck_loader_crane_xcmg_hydraulic_truck_crane566267.jpg</filename>
	<path>E:\wasin\wasin\python\wasin\venv\image\pl1382255-high_auality_12t_telescopic_truck_loader_crane_xcmg_hydraulic_truck_crane566267.jpg</path>
	<source>
		<database>Unknown</database>
	</source>
	<size>
		<width>1120</width>
		<height>800</height>
		<depth>3</depth>
	</size>
	<segmented>0</segmented>
	<object>
		<name>crane</name>
		<pose>Unspecified</pose>
		<truncated>0</truncated>
		<difficult>0</difficult>
		<bndbox>
			<xmin>10</xmin>
			<ymin>208</ymin>
			<xmax>1118</xmax>
			<ymax>639</ymax>
		</bndbox>
	</object>
</annotation>
