<annotation>
	<folder>image</folder>
	<filename>products-ccm_-cat-245_-exc568269.jpg</filename>
	<path>E:\wasin\wasin\python\wasin\venv\image\products-ccm_-cat-245_-exc568269.jpg</path>
	<source>
		<database>Unknown</database>
	</source>
	<size>
		<width>614</width>
		<height>350</height>
		<depth>3</depth>
	</size>
	<segmented>0</segmented>
	<object>
		<name>backhoe</name>
		<pose>Unspecified</pose>
		<truncated>1</truncated>
		<difficult>0</difficult>
		<bndbox>
			<xmin>41</xmin>
			<ymin>1</ymin>
			<xmax>566</xmax>
			<ymax>315</ymax>
		</bndbox>
	</object>
</annotation>
