<annotation>
	<folder>image</folder>
	<filename>ram-jhula-1-1024x720570271.jpg</filename>
	<path>E:\wasin\wasin\python\wasin\venv\image\ram-jhula-1-1024x720570271.jpg</path>
	<source>
		<database>Unknown</database>
	</source>
	<size>
		<width>1024</width>
		<height>720</height>
		<depth>3</depth>
	</size>
	<segmented>0</segmented>
	<object>
		<name>crane</name>
		<pose>Unspecified</pose>
		<truncated>1</truncated>
		<difficult>0</difficult>
		<bndbox>
			<xmin>1</xmin>
			<ymin>30</ymin>
			<xmax>362</xmax>
			<ymax>585</ymax>
		</bndbox>
	</object>
</annotation>
