<annotation>
	<folder>image</folder>
	<filename>rc4wd_armageddon_8x8_hydraulic_dump_truck_(fmx)__12983_zoom571272.jpg</filename>
	<path>E:\wasin\wasin\python\wasin\venv\image\rc4wd_armageddon_8x8_hydraulic_dump_truck_(fmx)__12983_zoom571272.jpg</path>
	<source>
		<database>Unknown</database>
	</source>
	<size>
		<width>800</width>
		<height>500</height>
		<depth>3</depth>
	</size>
	<segmented>0</segmented>
	<object>
		<name>truck</name>
		<pose>Unspecified</pose>
		<truncated>0</truncated>
		<difficult>0</difficult>
		<bndbox>
			<xmin>71</xmin>
			<ymin>22</ymin>
			<xmax>698</xmax>
			<ymax>471</ymax>
		</bndbox>
	</object>
</annotation>
