<annotation>
	<folder>image</folder>
	<filename>s-l300574275.jpg</filename>
	<path>E:\wasin\wasin\python\wasin\venv\image\s-l300574275.jpg</path>
	<source>
		<database>Unknown</database>
	</source>
	<size>
		<width>300</width>
		<height>225</height>
		<depth>3</depth>
	</size>
	<segmented>0</segmented>
	<object>
		<name>backhoe</name>
		<pose>Unspecified</pose>
		<truncated>0</truncated>
		<difficult>0</difficult>
		<bndbox>
			<xmin>27</xmin>
			<ymin>12</ymin>
			<xmax>268</xmax>
			<ymax>208</ymax>
		</bndbox>
	</object>
</annotation>
