<annotation>
	<folder>image</folder>
	<filename>s-l300-(1)573274.jpg</filename>
	<path>E:\wasin\wasin\python\wasin\venv\image\s-l300-(1)573274.jpg</path>
	<source>
		<database>Unknown</database>
	</source>
	<size>
		<width>300</width>
		<height>206</height>
		<depth>3</depth>
	</size>
	<segmented>0</segmented>
	<object>
		<name>backhoe</name>
		<pose>Unspecified</pose>
		<truncated>0</truncated>
		<difficult>0</difficult>
		<bndbox>
			<xmin>13</xmin>
			<ymin>29</ymin>
			<xmax>294</xmax>
			<ymax>190</ymax>
		</bndbox>
	</object>
</annotation>
