<annotation>
	<folder>image</folder>
	<filename>s2_header575276.jpg</filename>
	<path>E:\wasin\wasin\python\wasin\venv\image\s2_header575276.jpg</path>
	<source>
		<database>Unknown</database>
	</source>
	<size>
		<width>1480</width>
		<height>410</height>
		<depth>3</depth>
	</size>
	<segmented>0</segmented>
	<object>
		<name>backhoe</name>
		<pose>Unspecified</pose>
		<truncated>0</truncated>
		<difficult>0</difficult>
		<bndbox>
			<xmin>410</xmin>
			<ymin>6</ymin>
			<xmax>998</xmax>
			<ymax>353</ymax>
		</bndbox>
	</object>
</annotation>
