<annotation>
	<folder>image</folder>
	<filename>shaktimining_crane282578279.jpg</filename>
	<path>E:\wasin\wasin\python\wasin\venv\image\shaktimining_crane282578279.jpg</path>
	<source>
		<database>Unknown</database>
	</source>
	<size>
		<width>1504</width>
		<height>1000</height>
		<depth>3</depth>
	</size>
	<segmented>0</segmented>
	<object>
		<name>crane</name>
		<pose>Unspecified</pose>
		<truncated>0</truncated>
		<difficult>0</difficult>
		<bndbox>
			<xmin>231</xmin>
			<ymin>13</ymin>
			<xmax>1283</xmax>
			<ymax>930</ymax>
		</bndbox>
	</object>
</annotation>
