<annotation>
	<folder>image</folder>
	<filename>sliderimage7582283.jpg</filename>
	<path>E:\wasin\wasin\python\wasin\venv\image\sliderimage7582283.jpg</path>
	<source>
		<database>Unknown</database>
	</source>
	<size>
		<width>1343</width>
		<height>351</height>
		<depth>3</depth>
	</size>
	<segmented>0</segmented>
	<object>
		<name>truck</name>
		<pose>Unspecified</pose>
		<truncated>0</truncated>
		<difficult>0</difficult>
		<bndbox>
			<xmin>42</xmin>
			<ymin>9</ymin>
			<xmax>701</xmax>
			<ymax>320</ymax>
		</bndbox>
	</object>
</annotation>
