<annotation>
	<folder>image</folder>
	<filename>star_nurseries_decorative_rock_truck-56a1bc8e3df78cf7726d7e85584285.jpg</filename>
	<path>E:\wasin\wasin\python\wasin\venv\image\star_nurseries_decorative_rock_truck-56a1bc8e3df78cf7726d7e85584285.jpg</path>
	<source>
		<database>Unknown</database>
	</source>
	<size>
		<width>400</width>
		<height>183</height>
		<depth>3</depth>
	</size>
	<segmented>0</segmented>
	<object>
		<name>truck</name>
		<pose>Unspecified</pose>
		<truncated>0</truncated>
		<difficult>0</difficult>
		<bndbox>
			<xmin>147</xmin>
			<ymin>31</ymin>
			<xmax>396</xmax>
			<ymax>165</ymax>
		</bndbox>
	</object>
</annotation>
