<annotation>
	<folder>image</folder>
	<filename>stock-photo-side-view-of-tracked-excavator-backhoe-with-isolated-white-background-523424281586287.jpg</filename>
	<path>E:\wasin\wasin\python\wasin\venv\image\stock-photo-side-view-of-tracked-excavator-backhoe-with-isolated-white-background-523424281586287.jpg</path>
	<source>
		<database>Unknown</database>
	</source>
	<size>
		<width>450</width>
		<height>358</height>
		<depth>3</depth>
	</size>
	<segmented>0</segmented>
	<object>
		<name>backhoe</name>
		<pose>Unspecified</pose>
		<truncated>0</truncated>
		<difficult>0</difficult>
		<bndbox>
			<xmin>20</xmin>
			<ymin>22</ymin>
			<xmax>449</xmax>
			<ymax>280</ymax>
		</bndbox>
	</object>
</annotation>
