<annotation>
	<folder>image</folder>
	<filename>stock-photo-hydraulic-excavator-with-bucket-d-illustration-front-side-view-wide-angle-isolated-on-white-708658630585286.jpg</filename>
	<path>E:\wasin\wasin\python\wasin\venv\image\stock-photo-hydraulic-excavator-with-bucket-d-illustration-front-side-view-wide-angle-isolated-on-white-708658630585286.jpg</path>
	<source>
		<database>Unknown</database>
	</source>
	<size>
		<width>1500</width>
		<height>1225</height>
		<depth>3</depth>
	</size>
	<segmented>0</segmented>
	<object>
		<name>backhoe</name>
		<pose>Unspecified</pose>
		<truncated>0</truncated>
		<difficult>0</difficult>
		<bndbox>
			<xmin>261</xmin>
			<ymin>48</ymin>
			<xmax>1319</xmax>
			<ymax>1012</ymax>
		</bndbox>
	</object>
</annotation>
