<annotation>
	<folder>image</folder>
	<filename>sx33165t506-274-shacman587288.jpg</filename>
	<path>E:\wasin\wasin\python\wasin\venv\image\sx33165t506-274-shacman587288.jpg</path>
	<source>
		<database>Unknown</database>
	</source>
	<size>
		<width>640</width>
		<height>480</height>
		<depth>3</depth>
	</size>
	<segmented>0</segmented>
	<object>
		<name>truck</name>
		<pose>Unspecified</pose>
		<truncated>0</truncated>
		<difficult>0</difficult>
		<bndbox>
			<xmin>35</xmin>
			<ymin>139</ymin>
			<xmax>570</xmax>
			<ymax>380</ymax>
		</bndbox>
	</object>
</annotation>
