<annotation>
	<folder>image</folder>
	<filename>sx3316dt386-274-shacman588289.jpg</filename>
	<path>E:\wasin\wasin\python\wasin\venv\image\sx3316dt386-274-shacman588289.jpg</path>
	<source>
		<database>Unknown</database>
	</source>
	<size>
		<width>640</width>
		<height>480</height>
		<depth>3</depth>
	</size>
	<segmented>0</segmented>
	<object>
		<name>truck</name>
		<pose>Unspecified</pose>
		<truncated>0</truncated>
		<difficult>0</difficult>
		<bndbox>
			<xmin>53</xmin>
			<ymin>60</ymin>
			<xmax>587</xmax>
			<ymax>432</ymax>
		</bndbox>
	</object>
</annotation>
