<annotation>
	<folder>image</folder>
	<filename>tadano-truck-crane-ts75589290.jpg</filename>
	<path>E:\wasin\wasin\python\wasin\venv\image\tadano-truck-crane-ts75589290.jpg</path>
	<source>
		<database>Unknown</database>
	</source>
	<size>
		<width>640</width>
		<height>480</height>
		<depth>3</depth>
	</size>
	<segmented>0</segmented>
	<object>
		<name>crane</name>
		<pose>Unspecified</pose>
		<truncated>0</truncated>
		<difficult>0</difficult>
		<bndbox>
			<xmin>22</xmin>
			<ymin>29</ymin>
			<xmax>629</xmax>
			<ymax>415</ymax>
		</bndbox>
	</object>
</annotation>
