<annotation>
	<folder>image</folder>
	<filename>templatemo_image_01590291.jpg</filename>
	<path>E:\wasin\wasin\python\wasin\venv\image\templatemo_image_01590291.jpg</path>
	<source>
		<database>Unknown</database>
	</source>
	<size>
		<width>240</width>
		<height>180</height>
		<depth>3</depth>
	</size>
	<segmented>0</segmented>
	<object>
		<name>crane</name>
		<pose>Unspecified</pose>
		<truncated>1</truncated>
		<difficult>0</difficult>
		<bndbox>
			<xmin>56</xmin>
			<ymin>1</ymin>
			<xmax>195</xmax>
			<ymax>156</ymax>
		</bndbox>
	</object>
</annotation>
