<annotation>
	<folder>image</folder>
	<filename>the-excavator591292.jpg</filename>
	<path>E:\wasin\wasin\python\wasin\venv\image\the-excavator591292.jpg</path>
	<source>
		<database>Unknown</database>
	</source>
	<size>
		<width>472</width>
		<height>472</height>
		<depth>3</depth>
	</size>
	<segmented>0</segmented>
	<object>
		<name>backhoe</name>
		<pose>Unspecified</pose>
		<truncated>0</truncated>
		<difficult>0</difficult>
		<bndbox>
			<xmin>5</xmin>
			<ymin>9</ymin>
			<xmax>370</xmax>
			<ymax>464</ymax>
		</bndbox>
	</object>
</annotation>
