<annotation>
	<folder>image</folder>
	<filename>the_crane_was_winched_back_on_to_its_tracks_yester_502778a8a3592293.jpg</filename>
	<path>E:\wasin\wasin\python\wasin\venv\image\the_crane_was_winched_back_on_to_its_tracks_yester_502778a8a3592293.jpg</path>
	<source>
		<database>Unknown</database>
	</source>
	<size>
		<width>800</width>
		<height>450</height>
		<depth>3</depth>
	</size>
	<segmented>0</segmented>
	<object>
		<name>crane</name>
		<pose>Unspecified</pose>
		<truncated>1</truncated>
		<difficult>0</difficult>
		<bndbox>
			<xmin>31</xmin>
			<ymin>1</ymin>
			<xmax>637</xmax>
			<ymax>428</ymax>
		</bndbox>
	</object>
</annotation>
