<annotation>
	<folder>image</folder>
	<filename>tm-35100_2_hp594295.jpg</filename>
	<path>E:\wasin\wasin\python\wasin\venv\image\tm-35100_2_hp594295.jpg</path>
	<source>
		<database>Unknown</database>
	</source>
	<size>
		<width>635</width>
		<height>393</height>
		<depth>3</depth>
	</size>
	<segmented>0</segmented>
	<object>
		<name>crane</name>
		<pose>Unspecified</pose>
		<truncated>0</truncated>
		<difficult>0</difficult>
		<bndbox>
			<xmin>53</xmin>
			<ymin>37</ymin>
			<xmax>598</xmax>
			<ymax>355</ymax>
		</bndbox>
	</object>
</annotation>
