<annotation>
	<folder>image</folder>
	<filename>tree-removal-11596297.jpg</filename>
	<path>E:\wasin\wasin\python\wasin\venv\image\tree-removal-11596297.jpg</path>
	<source>
		<database>Unknown</database>
	</source>
	<size>
		<width>1900</width>
		<height>1425</height>
		<depth>3</depth>
	</size>
	<segmented>0</segmented>
	<object>
		<name>crane</name>
		<pose>Unspecified</pose>
		<truncated>1</truncated>
		<difficult>0</difficult>
		<bndbox>
			<xmin>693</xmin>
			<ymin>267</ymin>
			<xmax>1900</xmax>
			<ymax>1327</ymax>
		</bndbox>
	</object>
</annotation>
