<annotation>
	<folder>image</folder>
	<filename>truck-crane-1597298.jpg</filename>
	<path>E:\wasin\wasin\python\wasin\venv\image\truck-crane-1597298.jpg</path>
	<source>
		<database>Unknown</database>
	</source>
	<size>
		<width>1180</width>
		<height>732</height>
		<depth>3</depth>
	</size>
	<segmented>0</segmented>
	<object>
		<name>crane</name>
		<pose>Unspecified</pose>
		<truncated>0</truncated>
		<difficult>0</difficult>
		<bndbox>
			<xmin>36</xmin>
			<ymin>39</ymin>
			<xmax>1129</xmax>
			<ymax>681</ymax>
		</bndbox>
	</object>
</annotation>
