<annotation>
	<folder>image</folder>
	<filename>truck-with-crane36131028518600301.jpg</filename>
	<path>E:\wasin\wasin\python\wasin\venv\image\truck-with-crane36131028518600301.jpg</path>
	<source>
		<database>Unknown</database>
	</source>
	<size>
		<width>730</width>
		<height>730</height>
		<depth>3</depth>
	</size>
	<segmented>0</segmented>
	<object>
		<name>crane</name>
		<pose>Unspecified</pose>
		<truncated>0</truncated>
		<difficult>0</difficult>
		<bndbox>
			<xmin>64</xmin>
			<ymin>182</ymin>
			<xmax>643</xmax>
			<ymax>588</ymax>
		</bndbox>
	</object>
</annotation>
