<annotation>
	<folder>image</folder>
	<filename>truck-mounted_crane599300.jpg</filename>
	<path>E:\wasin\wasin\python\wasin\venv\image\truck-mounted_crane599300.jpg</path>
	<source>
		<database>Unknown</database>
	</source>
	<size>
		<width>1152</width>
		<height>864</height>
		<depth>3</depth>
	</size>
	<segmented>0</segmented>
	<object>
		<name>crane</name>
		<pose>Unspecified</pose>
		<truncated>0</truncated>
		<difficult>0</difficult>
		<bndbox>
			<xmin>54</xmin>
			<ymin>155</ymin>
			<xmax>1120</xmax>
			<ymax>660</ymax>
		</bndbox>
	</object>
</annotation>
