<annotation>
	<folder>image</folder>
	<filename>truck-mounted-crane598299.jpg</filename>
	<path>E:\wasin\wasin\python\wasin\venv\image\truck-mounted-crane598299.jpg</path>
	<source>
		<database>Unknown</database>
	</source>
	<size>
		<width>600</width>
		<height>337</height>
		<depth>3</depth>
	</size>
	<segmented>0</segmented>
	<object>
		<name>crane</name>
		<pose>Unspecified</pose>
		<truncated>0</truncated>
		<difficult>0</difficult>
		<bndbox>
			<xmin>34</xmin>
			<ymin>5</ymin>
			<xmax>575</xmax>
			<ymax>321</ymax>
		</bndbox>
	</object>
</annotation>
