<annotation>
	<folder>image</folder>
	<filename>tt-r17-before-1-1024x730602303.jpg</filename>
	<path>E:\wasin\wasin\python\wasin\venv\image\tt-r17-before-1-1024x730602303.jpg</path>
	<source>
		<database>Unknown</database>
	</source>
	<size>
		<width>1024</width>
		<height>730</height>
		<depth>3</depth>
	</size>
	<segmented>0</segmented>
	<object>
		<name>truck</name>
		<pose>Unspecified</pose>
		<truncated>0</truncated>
		<difficult>0</difficult>
		<bndbox>
			<xmin>77</xmin>
			<ymin>68</ymin>
			<xmax>985</xmax>
			<ymax>721</ymax>
		</bndbox>
	</object>
</annotation>
