<annotation>
	<folder>image</folder>
	<filename>unnamed-image-62603304.png</filename>
	<path>E:\wasin\wasin\python\wasin\venv\image\unnamed-image-62603304.png</path>
	<source>
		<database>Unknown</database>
	</source>
	<size>
		<width>774</width>
		<height>395</height>
		<depth>3</depth>
	</size>
	<segmented>0</segmented>
	<object>
		<name>truck</name>
		<pose>Unspecified</pose>
		<truncated>1</truncated>
		<difficult>0</difficult>
		<bndbox>
			<xmin>47</xmin>
			<ymin>1</ymin>
			<xmax>551</xmax>
			<ymax>386</ymax>
		</bndbox>
	</object>
</annotation>
