<annotation>
	<folder>image</folder>
	<filename>vanguard--gtk-1604305.jpg</filename>
	<path>E:\wasin\wasin\python\wasin\venv\image\vanguard--gtk-1604305.jpg</path>
	<source>
		<database>Unknown</database>
	</source>
	<size>
		<width>350</width>
		<height>279</height>
		<depth>3</depth>
	</size>
	<segmented>0</segmented>
	<object>
		<name>crane</name>
		<pose>Unspecified</pose>
		<truncated>0</truncated>
		<difficult>0</difficult>
		<bndbox>
			<xmin>194</xmin>
			<ymin>31</ymin>
			<xmax>270</xmax>
			<ymax>220</ymax>
		</bndbox>
	</object>
</annotation>
