<annotation>
	<folder>image</folder>
	<filename>vap_3488639486605306.jpg</filename>
	<path>E:\wasin\wasin\python\wasin\venv\image\vap_3488639486605306.jpg</path>
	<source>
		<database>Unknown</database>
	</source>
	<size>
		<width>415</width>
		<height>333</height>
		<depth>3</depth>
	</size>
	<segmented>0</segmented>
	<object>
		<name>backhoe</name>
		<pose>Unspecified</pose>
		<truncated>0</truncated>
		<difficult>0</difficult>
		<bndbox>
			<xmin>8</xmin>
			<ymin>6</ymin>
			<xmax>414</xmax>
			<ymax>313</ymax>
		</bndbox>
	</object>
</annotation>
