<annotation>
	<folder>image</folder>
	<filename>vicars-bridge-bernie630606307.jpg</filename>
	<path>E:\wasin\wasin\python\wasin\venv\image\vicars-bridge-bernie630606307.jpg</path>
	<source>
		<database>Unknown</database>
	</source>
	<size>
		<width>630</width>
		<height>419</height>
		<depth>3</depth>
	</size>
	<segmented>0</segmented>
	<object>
		<name>crane</name>
		<pose>Unspecified</pose>
		<truncated>0</truncated>
		<difficult>0</difficult>
		<bndbox>
			<xmin>201</xmin>
			<ymin>33</ymin>
			<xmax>315</xmax>
			<ymax>367</ymax>
		</bndbox>
	</object>
	<object>
		<name>crane</name>
		<pose>Unspecified</pose>
		<truncated>0</truncated>
		<difficult>0</difficult>
		<bndbox>
			<xmin>258</xmin>
			<ymin>14</ymin>
			<xmax>439</xmax>
			<ymax>379</ymax>
		</bndbox>
	</object>
</annotation>
