<annotation>
	<folder>image</folder>
	<filename>volvo-1201106_960_720607308.jpg</filename>
	<path>E:\wasin\wasin\python\wasin\venv\image\volvo-1201106_960_720607308.jpg</path>
	<source>
		<database>Unknown</database>
	</source>
	<size>
		<width>960</width>
		<height>640</height>
		<depth>3</depth>
	</size>
	<segmented>0</segmented>
	<object>
		<name>truck</name>
		<pose>Unspecified</pose>
		<truncated>0</truncated>
		<difficult>0</difficult>
		<bndbox>
			<xmin>139</xmin>
			<ymin>24</ymin>
			<xmax>949</xmax>
			<ymax>625</ymax>
		</bndbox>
	</object>
</annotation>
