<annotation>
	<folder>image</folder>
	<filename>work-home609310.jpg</filename>
	<path>E:\wasin\wasin\python\wasin\venv\image\work-home609310.jpg</path>
	<source>
		<database>Unknown</database>
	</source>
	<size>
		<width>500</width>
		<height>300</height>
		<depth>3</depth>
	</size>
	<segmented>0</segmented>
	<object>
		<name>truck</name>
		<pose>Unspecified</pose>
		<truncated>1</truncated>
		<difficult>0</difficult>
		<bndbox>
			<xmin>72</xmin>
			<ymin>1</ymin>
			<xmax>440</xmax>
			<ymax>267</ymax>
		</bndbox>
	</object>
</annotation>
