<annotation>
	<folder>image</folder>
	<filename>xe-ben-hyundai-samsung613314.jpg</filename>
	<path>E:\wasin\wasin\python\wasin\venv\image\xe-ben-hyundai-samsung613314.jpg</path>
	<source>
		<database>Unknown</database>
	</source>
	<size>
		<width>1600</width>
		<height>1200</height>
		<depth>3</depth>
	</size>
	<segmented>0</segmented>
	<object>
		<name>truck</name>
		<pose>Unspecified</pose>
		<truncated>1</truncated>
		<difficult>0</difficult>
		<bndbox>
			<xmin>384</xmin>
			<ymin>197</ymin>
			<xmax>1600</xmax>
			<ymax>1153</ymax>
		</bndbox>
	</object>
</annotation>
