<annotation>
	<folder>image</folder>
	<filename>yc55614315.jpg</filename>
	<path>E:\wasin\wasin\python\wasin\venv\image\yc55614315.jpg</path>
	<source>
		<database>Unknown</database>
	</source>
	<size>
		<width>316</width>
		<height>279</height>
		<depth>3</depth>
	</size>
	<segmented>0</segmented>
	<object>
		<name>backhoe</name>
		<pose>Unspecified</pose>
		<truncated>1</truncated>
		<difficult>0</difficult>
		<bndbox>
			<xmin>7</xmin>
			<ymin>1</ymin>
			<xmax>315</xmax>
			<ymax>267</ymax>
		</bndbox>
	</object>
</annotation>
