<annotation>
	<folder>image</folder>
	<filename>yc85615316.jpg</filename>
	<path>E:\wasin\wasin\python\wasin\venv\image\yc85615316.jpg</path>
	<source>
		<database>Unknown</database>
	</source>
	<size>
		<width>372</width>
		<height>350</height>
		<depth>3</depth>
	</size>
	<segmented>0</segmented>
	<object>
		<name>backhoe</name>
		<pose>Unspecified</pose>
		<truncated>0</truncated>
		<difficult>0</difficult>
		<bndbox>
			<xmin>13</xmin>
			<ymin>7</ymin>
			<xmax>357</xmax>
			<ymax>336</ymax>
		</bndbox>
	</object>
</annotation>
